snapshot_date,tag,published_at,asset,download_count,size
2026-04-29,"v0.40.4","2026-04-29T05:25:12Z","Kirodex_0.40.4_aarch64.dmg",1,12374499
2026-04-29,"v0.40.4","2026-04-29T05:25:12Z","Kirodex_0.40.4_amd64.AppImage",0,87370232
2026-04-29,"v0.40.4","2026-04-29T05:25:12Z","Kirodex_0.40.4_amd64.AppImage.tar.gz",0,86674569
2026-04-29,"v0.40.4","2026-04-29T05:25:12Z","Kirodex_0.40.4_amd64.AppImage.tar.gz.sig",0,428
2026-04-29,"v0.40.4","2026-04-29T05:25:12Z","Kirodex_0.40.4_amd64.deb",0,10127548
2026-04-29,"v0.40.4","2026-04-29T05:25:12Z","Kirodex_0.40.4_x64-setup.exe",1,5757517
2026-04-29,"v0.40.4","2026-04-29T05:25:12Z","Kirodex_0.40.4_x64-setup.nsis.zip",0,5757671
2026-04-29,"v0.40.4","2026-04-29T05:25:12Z","Kirodex_0.40.4_x64-setup.nsis.zip.sig",0,424
2026-04-29,"v0.40.4","2026-04-29T05:25:12Z","Kirodex_aarch64.app.tar.gz",0,10292676
2026-04-29,"v0.40.4","2026-04-29T05:25:12Z","Kirodex_aarch64.app.tar.gz.sig",0,404
2026-04-29,"v0.40.4","2026-04-29T05:25:12Z","latest.json",8,4685
2026-04-29,"v0.40.3","2026-04-28T20:43:54Z","Kirodex_0.40.3_aarch64.dmg",2,12374486
2026-04-29,"v0.40.3","2026-04-28T20:43:54Z","Kirodex_0.40.3_amd64.AppImage",0,87370232
2026-04-29,"v0.40.3","2026-04-28T20:43:54Z","Kirodex_0.40.3_amd64.AppImage.tar.gz",0,86674812
2026-04-29,"v0.40.3","2026-04-28T20:43:54Z","Kirodex_0.40.3_amd64.AppImage.tar.gz.sig",0,428
2026-04-29,"v0.40.3","2026-04-28T20:43:54Z","Kirodex_0.40.3_amd64.deb",0,10127542
2026-04-29,"v0.40.3","2026-04-28T20:43:54Z","Kirodex_0.40.3_x64-setup.exe",1,5757593
2026-04-29,"v0.40.3","2026-04-28T20:43:54Z","Kirodex_0.40.3_x64-setup.nsis.zip",1,5757747
2026-04-29,"v0.40.3","2026-04-28T20:43:54Z","Kirodex_0.40.3_x64-setup.nsis.zip.sig",0,424
2026-04-29,"v0.40.3","2026-04-28T20:43:54Z","Kirodex_aarch64.app.tar.gz",3,10292667
2026-04-29,"v0.40.3","2026-04-28T20:43:54Z","Kirodex_aarch64.app.tar.gz.sig",0,404
2026-04-29,"v0.40.3","2026-04-28T20:43:54Z","latest.json",47,5106
2026-04-29,"v0.40.2","2026-04-28T05:25:11Z","Kirodex_0.40.2_aarch64.dmg",3,12335107
2026-04-29,"v0.40.2","2026-04-28T05:25:11Z","Kirodex_0.40.2_amd64.AppImage",0,87316984
2026-04-29,"v0.40.2","2026-04-28T05:25:11Z","Kirodex_0.40.2_amd64.AppImage.tar.gz",0,86624127
2026-04-29,"v0.40.2","2026-04-28T05:25:11Z","Kirodex_0.40.2_amd64.AppImage.tar.gz.sig",0,428
2026-04-29,"v0.40.2","2026-04-28T05:25:11Z","Kirodex_0.40.2_amd64.deb",0,10063498
2026-04-29,"v0.40.2","2026-04-28T05:25:11Z","Kirodex_0.40.2_x64-setup.exe",0,5720103
2026-04-29,"v0.40.2","2026-04-28T05:25:11Z","Kirodex_0.40.2_x64-setup.nsis.zip",0,5720257
2026-04-29,"v0.40.2","2026-04-28T05:25:11Z","Kirodex_0.40.2_x64-setup.nsis.zip.sig",0,424
2026-04-29,"v0.40.2","2026-04-28T05:25:11Z","Kirodex_aarch64.app.tar.gz",2,10251180
2026-04-29,"v0.40.2","2026-04-28T05:25:11Z","Kirodex_aarch64.app.tar.gz.sig",0,404
2026-04-29,"v0.40.2","2026-04-28T05:25:11Z","latest.json",110,4671
2026-04-29,"v0.40.1","2026-04-27T22:20:38Z","Kirodex_0.40.1_aarch64.dmg",1,12334248
2026-04-29,"v0.40.1","2026-04-27T22:20:38Z","Kirodex_0.40.1_amd64.AppImage",0,87316984
2026-04-29,"v0.40.1","2026-04-27T22:20:38Z","Kirodex_0.40.1_amd64.AppImage.tar.gz",0,86622666
2026-04-29,"v0.40.1","2026-04-27T22:20:38Z","Kirodex_0.40.1_amd64.AppImage.tar.gz.sig",0,428
2026-04-29,"v0.40.1","2026-04-27T22:20:38Z","Kirodex_0.40.1_amd64.deb",0,10062942
2026-04-29,"v0.40.1","2026-04-27T22:20:38Z","Kirodex_0.40.1_x64-setup.exe",0,5719250
2026-04-29,"v0.40.1","2026-04-27T22:20:38Z","Kirodex_0.40.1_x64-setup.nsis.zip",0,5719404
2026-04-29,"v0.40.1","2026-04-27T22:20:38Z","Kirodex_0.40.1_x64-setup.nsis.zip.sig",0,424
2026-04-29,"v0.40.1","2026-04-27T22:20:38Z","Kirodex_aarch64.app.tar.gz",1,10251603
2026-04-29,"v0.40.1","2026-04-27T22:20:38Z","Kirodex_aarch64.app.tar.gz.sig",0,404
2026-04-29,"v0.40.1","2026-04-27T22:20:38Z","latest.json",21,4674
2026-04-29,"v0.40.0","2026-04-27T22:16:02Z","Kirodex_0.40.0_aarch64.dmg",1,12334247
2026-04-29,"v0.40.0","2026-04-27T22:16:02Z","Kirodex_0.40.0_amd64.AppImage",0,87316984
2026-04-29,"v0.40.0","2026-04-27T22:16:02Z","Kirodex_0.40.0_amd64.AppImage.tar.gz",0,86622694
2026-04-29,"v0.40.0","2026-04-27T22:16:02Z","Kirodex_0.40.0_amd64.AppImage.tar.gz.sig",0,428
2026-04-29,"v0.40.0","2026-04-27T22:16:02Z","Kirodex_0.40.0_amd64.deb",0,10062934
2026-04-29,"v0.40.0","2026-04-27T22:16:02Z","Kirodex_0.40.0_x64-setup.exe",0,5718900
2026-04-29,"v0.40.0","2026-04-27T22:16:02Z","Kirodex_0.40.0_x64-setup.nsis.zip",0,5719054
2026-04-29,"v0.40.0","2026-04-27T22:16:02Z","Kirodex_0.40.0_x64-setup.nsis.zip.sig",0,424
2026-04-29,"v0.40.0","2026-04-27T22:16:02Z","Kirodex_aarch64.app.tar.gz",1,10251600
2026-04-29,"v0.40.0","2026-04-27T22:16:02Z","Kirodex_aarch64.app.tar.gz.sig",0,404
2026-04-29,"v0.40.0","2026-04-27T22:16:02Z","latest.json",0,4681
2026-04-29,"v0.39.0","2026-04-27T11:39:36Z","Kirodex_0.39.0_aarch64.dmg",1,12327445
2026-04-29,"v0.39.0","2026-04-27T11:39:36Z","Kirodex_0.39.0_amd64.AppImage",0,87312888
2026-04-29,"v0.39.0","2026-04-27T11:39:36Z","Kirodex_0.39.0_amd64.AppImage.tar.gz",0,86616860
2026-04-29,"v0.39.0","2026-04-27T11:39:36Z","Kirodex_0.39.0_amd64.AppImage.tar.gz.sig",0,428
2026-04-29,"v0.39.0","2026-04-27T11:39:36Z","Kirodex_0.39.0_amd64.deb",0,10056028
2026-04-29,"v0.39.0","2026-04-27T11:39:36Z","Kirodex_0.39.0_x64-setup.exe",1,5713722
2026-04-29,"v0.39.0","2026-04-27T11:39:36Z","Kirodex_0.39.0_x64-setup.nsis.zip",0,5713876
2026-04-29,"v0.39.0","2026-04-27T11:39:36Z","Kirodex_0.39.0_x64-setup.nsis.zip.sig",0,424
2026-04-29,"v0.39.0","2026-04-27T11:39:36Z","Kirodex_aarch64.app.tar.gz",1,10246698
2026-04-29,"v0.39.0","2026-04-27T11:39:36Z","Kirodex_aarch64.app.tar.gz.sig",0,404
2026-04-29,"v0.39.0","2026-04-27T11:39:36Z","latest.json",40,6640
2026-04-29,"v0.38.0","2026-04-26T07:33:51Z","Kirodex_0.38.0_aarch64.dmg",1,12319714
2026-04-29,"v0.38.0","2026-04-26T07:33:51Z","Kirodex_0.38.0_amd64.AppImage",0,95372480
2026-04-29,"v0.38.0","2026-04-26T07:33:51Z","Kirodex_0.38.0_amd64.AppImage.tar.gz",0,94616806
2026-04-29,"v0.38.0","2026-04-26T07:33:51Z","Kirodex_0.38.0_amd64.AppImage.tar.gz.sig",0,428
2026-04-29,"v0.38.0","2026-04-26T07:33:51Z","Kirodex_0.38.0_amd64.deb",0,10046892
2026-04-29,"v0.38.0","2026-04-26T07:33:51Z","Kirodex_0.38.0_x64-setup.exe",1,5706309
2026-04-29,"v0.38.0","2026-04-26T07:33:51Z","Kirodex_0.38.0_x64-setup.nsis.zip",0,5706463
2026-04-29,"v0.38.0","2026-04-26T07:33:51Z","Kirodex_0.38.0_x64-setup.nsis.zip.sig",0,424
2026-04-29,"v0.38.0","2026-04-26T07:33:51Z","Kirodex_aarch64.app.tar.gz",2,10234871
2026-04-29,"v0.38.0","2026-04-26T07:33:51Z","Kirodex_aarch64.app.tar.gz.sig",0,404
2026-04-29,"v0.38.0","2026-04-26T07:33:51Z","latest.json",96,5102
2026-04-29,"v0.37.0","2026-04-25T23:12:14Z","Kirodex_0.37.0_aarch64.dmg",1,12317807
2026-04-29,"v0.37.0","2026-04-25T23:12:14Z","Kirodex_0.37.0_amd64.AppImage",0,87300600
2026-04-29,"v0.37.0","2026-04-25T23:12:14Z","Kirodex_0.37.0_amd64.AppImage.tar.gz",0,86608425
2026-04-29,"v0.37.0","2026-04-25T23:12:14Z","Kirodex_0.37.0_amd64.AppImage.tar.gz.sig",0,428
2026-04-29,"v0.37.0","2026-04-25T23:12:14Z","Kirodex_0.37.0_amd64.deb",0,10044170
2026-04-29,"v0.37.0","2026-04-25T23:12:14Z","Kirodex_0.37.0_x64-setup.exe",0,5705503
2026-04-29,"v0.37.0","2026-04-25T23:12:14Z","Kirodex_0.37.0_x64-setup.nsis.zip",0,5705657
2026-04-29,"v0.37.0","2026-04-25T23:12:14Z","Kirodex_0.37.0_x64-setup.nsis.zip.sig",0,424
2026-04-29,"v0.37.0","2026-04-25T23:12:14Z","Kirodex_aarch64.app.tar.gz",1,10232892
2026-04-29,"v0.37.0","2026-04-25T23:12:14Z","Kirodex_aarch64.app.tar.gz.sig",0,404
2026-04-29,"v0.37.0","2026-04-25T23:12:14Z","latest.json",14,5657
2026-04-29,"v0.36.0","2026-04-25T19:18:39Z","Kirodex_0.36.0_aarch64.dmg",1,12316210
2026-04-29,"v0.36.0","2026-04-25T19:18:39Z","Kirodex_0.36.0_amd64.AppImage",0,87296504
2026-04-29,"v0.36.0","2026-04-25T19:18:39Z","Kirodex_0.36.0_amd64.AppImage.tar.gz",0,86602399
2026-04-29,"v0.36.0","2026-04-25T19:18:39Z","Kirodex_0.36.0_amd64.AppImage.tar.gz.sig",0,428
2026-04-29,"v0.36.0","2026-04-25T19:18:39Z","Kirodex_0.36.0_amd64.deb",0,10043216
2026-04-29,"v0.36.0","2026-04-25T19:18:39Z","Kirodex_0.36.0_x64-setup.exe",1,5703524
2026-04-29,"v0.36.0","2026-04-25T19:18:39Z","Kirodex_0.36.0_x64-setup.nsis.zip",0,5703678
2026-04-29,"v0.36.0","2026-04-25T19:18:39Z","Kirodex_0.36.0_x64-setup.nsis.zip.sig",0,424
2026-04-29,"v0.36.0","2026-04-25T19:18:39Z","Kirodex_aarch64.app.tar.gz",1,10232731
2026-04-29,"v0.36.0","2026-04-25T19:18:39Z","Kirodex_aarch64.app.tar.gz.sig",0,404
2026-04-29,"v0.36.0","2026-04-25T19:18:39Z","latest.json",21,6654
2026-04-29,"v0.35.0","2026-04-24T21:14:42Z","Kirodex_0.35.0_aarch64.dmg",1,12303713
2026-04-29,"v0.35.0","2026-04-24T21:14:42Z","Kirodex_0.35.0_amd64.AppImage",0,87280120
2026-04-29,"v0.35.0","2026-04-24T21:14:42Z","Kirodex_0.35.0_amd64.AppImage.tar.gz",0,86587476
2026-04-29,"v0.35.0","2026-04-24T21:14:42Z","Kirodex_0.35.0_amd64.AppImage.tar.gz.sig",0,428
2026-04-29,"v0.35.0","2026-04-24T21:14:42Z","Kirodex_0.35.0_amd64.deb",0,10028882
2026-04-29,"v0.35.0","2026-04-24T21:14:42Z","Kirodex_0.35.0_x64-setup.exe",3,5697604
2026-04-29,"v0.35.0","2026-04-24T21:14:42Z","Kirodex_0.35.0_x64-setup.nsis.zip",0,5697758
2026-04-29,"v0.35.0","2026-04-24T21:14:42Z","Kirodex_0.35.0_x64-setup.nsis.zip.sig",0,424
2026-04-29,"v0.35.0","2026-04-24T21:14:42Z","Kirodex_aarch64.app.tar.gz",2,10221872
2026-04-29,"v0.35.0","2026-04-24T21:14:42Z","Kirodex_aarch64.app.tar.gz.sig",0,404
2026-04-29,"v0.35.0","2026-04-24T21:14:42Z","latest.json",93,5134
2026-04-29,"v0.34.0","2026-04-24T14:32:36Z","Kirodex_0.34.0_aarch64.dmg",2,12299356
2026-04-29,"v0.34.0","2026-04-24T14:32:36Z","Kirodex_0.34.0_amd64.AppImage",0,87284216
2026-04-29,"v0.34.0","2026-04-24T14:32:36Z","Kirodex_0.34.0_amd64.AppImage.tar.gz",0,86592705
2026-04-29,"v0.34.0","2026-04-24T14:32:36Z","Kirodex_0.34.0_amd64.AppImage.tar.gz.sig",0,428
2026-04-29,"v0.34.0","2026-04-24T14:32:36Z","Kirodex_0.34.0_amd64.deb",1,10024938
2026-04-29,"v0.34.0","2026-04-24T14:32:36Z","Kirodex_0.34.0_x64-setup.exe",5,5694116
2026-04-29,"v0.34.0","2026-04-24T14:32:36Z","Kirodex_0.34.0_x64-setup.nsis.zip",0,5694270
2026-04-29,"v0.34.0","2026-04-24T14:32:36Z","Kirodex_0.34.0_x64-setup.nsis.zip.sig",0,424
2026-04-29,"v0.34.0","2026-04-24T14:32:36Z","Kirodex_aarch64.app.tar.gz",3,10215530
2026-04-29,"v0.34.0","2026-04-24T14:32:36Z","Kirodex_aarch64.app.tar.gz.sig",0,404
2026-04-29,"v0.34.0","2026-04-24T14:32:36Z","latest.json",45,6808
2026-04-29,"v0.33.2","2026-04-24T08:59:28Z","Kirodex_0.33.2_aarch64.dmg",4,12298684
2026-04-29,"v0.33.2","2026-04-24T08:59:28Z","Kirodex_0.33.2_amd64.AppImage",0,87284216
2026-04-29,"v0.33.2","2026-04-24T08:59:28Z","Kirodex_0.33.2_amd64.AppImage.tar.gz",1,86590108
2026-04-29,"v0.33.2","2026-04-24T08:59:28Z","Kirodex_0.33.2_amd64.AppImage.tar.gz.sig",0,428
2026-04-29,"v0.33.2","2026-04-24T08:59:28Z","Kirodex_0.33.2_amd64.deb",0,10024944
2026-04-29,"v0.33.2","2026-04-24T08:59:28Z","Kirodex_0.33.2_x64-setup.exe",0,5694604
2026-04-29,"v0.33.2","2026-04-24T08:59:28Z","Kirodex_0.33.2_x64-setup.nsis.zip",1,5694758
2026-04-29,"v0.33.2","2026-04-24T08:59:28Z","Kirodex_0.33.2_x64-setup.nsis.zip.sig",0,424
2026-04-29,"v0.33.2","2026-04-24T08:59:28Z","Kirodex_aarch64.app.tar.gz",3,10214146
2026-04-29,"v0.33.2","2026-04-24T08:59:28Z","Kirodex_aarch64.app.tar.gz.sig",0,404
2026-04-29,"v0.33.2","2026-04-24T08:59:28Z","latest.json",46,4940
2026-04-29,"v0.33.1","2026-04-24T07:30:14Z","Kirodex_0.33.1_aarch64.dmg",1,10299981
2026-04-29,"v0.33.1","2026-04-24T07:30:14Z","Kirodex_0.33.1_amd64.AppImage",0,86305272
2026-04-29,"v0.33.1","2026-04-24T07:30:14Z","Kirodex_0.33.1_amd64.AppImage.tar.gz",0,85610453
2026-04-29,"v0.33.1","2026-04-24T07:30:14Z","Kirodex_0.33.1_amd64.AppImage.tar.gz.sig",0,428
2026-04-29,"v0.33.1","2026-04-24T07:30:14Z","Kirodex_0.33.1_amd64.deb",0,8984492
2026-04-29,"v0.33.1","2026-04-24T07:30:14Z","Kirodex_0.33.1_x64-setup.exe",0,5491752
2026-04-29,"v0.33.1","2026-04-24T07:30:14Z","Kirodex_0.33.1_x64-setup.nsis.zip",0,5491906
2026-04-29,"v0.33.1","2026-04-24T07:30:14Z","Kirodex_0.33.1_x64-setup.nsis.zip.sig",0,424
2026-04-29,"v0.33.1","2026-04-24T07:30:14Z","Kirodex_aarch64.app.tar.gz",1,8800016
2026-04-29,"v0.33.1","2026-04-24T07:30:14Z","Kirodex_aarch64.app.tar.gz.sig",0,404
2026-04-29,"v0.33.1","2026-04-24T07:30:14Z","latest.json",13,4665
2026-04-29,"v0.33.0","2026-04-24T07:12:43Z","Kirodex_0.33.0_aarch64.dmg",1,15074333
2026-04-29,"v0.33.0","2026-04-24T07:12:43Z","Kirodex_0.33.0_amd64.AppImage",0,88668664
2026-04-29,"v0.33.0","2026-04-24T07:12:43Z","Kirodex_0.33.0_amd64.AppImage.tar.gz",0,87975064
2026-04-29,"v0.33.0","2026-04-24T07:12:43Z","Kirodex_0.33.0_amd64.AppImage.tar.gz.sig",0,428
2026-04-29,"v0.33.0","2026-04-24T07:12:43Z","Kirodex_0.33.0_amd64.deb",0,11488936
2026-04-29,"v0.33.0","2026-04-24T07:12:43Z","Kirodex_0.33.0_x64-setup.exe",0,6128097
2026-04-29,"v0.33.0","2026-04-24T07:12:43Z","Kirodex_0.33.0_x64-setup.nsis.zip",0,6128251
2026-04-29,"v0.33.0","2026-04-24T07:12:43Z","Kirodex_0.33.0_x64-setup.nsis.zip.sig",0,424
2026-04-29,"v0.33.0","2026-04-24T07:12:43Z","Kirodex_aarch64.app.tar.gz",1,12165337
2026-04-29,"v0.33.0","2026-04-24T07:12:43Z","Kirodex_aarch64.app.tar.gz.sig",0,404
2026-04-29,"v0.33.0","2026-04-24T07:12:43Z","latest.json",3,6061
2026-04-29,"v0.32.0","2026-04-23T09:32:35Z","Kirodex_0.32.0_aarch64.dmg",4,5054782
2026-04-29,"v0.32.0","2026-04-23T09:32:35Z","Kirodex_0.32.0_amd64.AppImage",0,83573240
2026-04-29,"v0.32.0","2026-04-23T09:32:35Z","Kirodex_0.32.0_amd64.AppImage.tar.gz",0,82894130
2026-04-29,"v0.32.0","2026-04-23T09:32:35Z","Kirodex_0.32.0_amd64.AppImage.tar.gz.sig",0,428
2026-04-29,"v0.32.0","2026-04-23T09:32:35Z","Kirodex_0.32.0_amd64.deb",0,6192216
2026-04-29,"v0.32.0","2026-04-23T09:32:35Z","Kirodex_0.32.0_x64-setup.exe",1,4484398
2026-04-29,"v0.32.0","2026-04-23T09:32:35Z","Kirodex_0.32.0_x64-setup.nsis.zip",0,4484552
2026-04-29,"v0.32.0","2026-04-23T09:32:35Z","Kirodex_0.32.0_x64-setup.nsis.zip.sig",0,424
2026-04-29,"v0.32.0","2026-04-23T09:32:35Z","Kirodex_aarch64.app.tar.gz",1,5193729
2026-04-29,"v0.32.0","2026-04-23T09:32:35Z","Kirodex_aarch64.app.tar.gz.sig",0,404
2026-04-29,"v0.32.0","2026-04-23T09:32:35Z","latest.json",93,4664
2026-04-29,"v0.31.0","2026-04-23T09:26:17Z","Kirodex_0.31.0_aarch64.dmg",1,5056282
2026-04-29,"v0.31.0","2026-04-23T09:26:17Z","Kirodex_0.31.0_amd64.AppImage",0,85494264
2026-04-29,"v0.31.0","2026-04-23T09:26:17Z","Kirodex_0.31.0_amd64.AppImage.tar.gz",0,84813848
2026-04-29,"v0.31.0","2026-04-23T09:26:17Z","Kirodex_0.31.0_amd64.AppImage.tar.gz.sig",0,428
2026-04-29,"v0.31.0","2026-04-23T09:26:17Z","Kirodex_0.31.0_amd64.deb",0,6194056
2026-04-29,"v0.31.0","2026-04-23T09:26:17Z","Kirodex_0.31.0_x64-setup.exe",0,4525079
2026-04-29,"v0.31.0","2026-04-23T09:26:17Z","Kirodex_0.31.0_x64-setup.nsis.zip",0,4525233
2026-04-29,"v0.31.0","2026-04-23T09:26:17Z","Kirodex_0.31.0_x64-setup.nsis.zip.sig",0,424
2026-04-29,"v0.31.0","2026-04-23T09:26:17Z","Kirodex_aarch64.app.tar.gz",0,5193865
2026-04-29,"v0.31.0","2026-04-23T09:26:17Z","Kirodex_aarch64.app.tar.gz.sig",0,404
2026-04-29,"v0.31.0","2026-04-23T09:26:17Z","latest.json",0,4956
2026-04-29,"v0.30.0","2026-04-23T09:25:47Z","Kirodex_0.30.0_aarch64.dmg",2,5056284
2026-04-29,"v0.30.0","2026-04-23T09:25:47Z","Kirodex_0.30.0_amd64.AppImage",1,85494264
2026-04-29,"v0.30.0","2026-04-23T09:25:47Z","Kirodex_0.30.0_amd64.AppImage.tar.gz",1,84813813
2026-04-29,"v0.30.0","2026-04-23T09:25:47Z","Kirodex_0.30.0_amd64.AppImage.tar.gz.sig",1,428
2026-04-29,"v0.30.0","2026-04-23T09:25:47Z","Kirodex_0.30.0_amd64.deb",1,6194060
2026-04-29,"v0.30.0","2026-04-23T09:25:47Z","Kirodex_0.30.0_x64-setup.exe",0,4526349
2026-04-29,"v0.30.0","2026-04-23T09:25:47Z","Kirodex_0.30.0_x64-setup.nsis.zip",0,4526503
2026-04-29,"v0.30.0","2026-04-23T09:25:47Z","Kirodex_0.30.0_x64-setup.nsis.zip.sig",0,424
2026-04-29,"v0.30.0","2026-04-23T09:25:47Z","Kirodex_aarch64.app.tar.gz",1,5193860
2026-04-29,"v0.30.0","2026-04-23T09:25:47Z","Kirodex_aarch64.app.tar.gz.sig",1,404
2026-04-29,"v0.30.0","2026-04-23T09:25:47Z","latest.json",0,5218
2026-04-29,"v0.28.0","2026-04-22T12:00:09Z","Kirodex-0.28.0-1.x86_64.rpm",0,6192702
2026-04-29,"v0.28.0","2026-04-22T12:00:09Z","Kirodex-0.28.0-1.x86_64.rpm.sig",0,416
2026-04-29,"v0.28.0","2026-04-22T12:00:09Z","Kirodex_0.28.0_aarch64.dmg",12,5054074
2026-04-29,"v0.28.0","2026-04-22T12:00:09Z","Kirodex_0.28.0_amd64.AppImage",0,85494264
2026-04-29,"v0.28.0","2026-04-22T12:00:09Z","Kirodex_0.28.0_amd64.AppImage.sig",0,420
2026-04-29,"v0.28.0","2026-04-22T12:00:09Z","Kirodex_0.28.0_amd64.AppImage.tar.gz",0,84813390
2026-04-29,"v0.28.0","2026-04-22T12:00:09Z","Kirodex_0.28.0_amd64.AppImage.tar.gz.sig",0,428
2026-04-29,"v0.28.0","2026-04-22T12:00:09Z","Kirodex_0.28.0_amd64.deb",0,6191876
2026-04-29,"v0.28.0","2026-04-22T12:00:09Z","Kirodex_0.28.0_amd64.deb.sig",0,412
2026-04-29,"v0.28.0","2026-04-22T12:00:09Z","Kirodex_0.28.0_x64-setup.exe",3,4524775
2026-04-29,"v0.28.0","2026-04-22T12:00:09Z","Kirodex_0.28.0_x64-setup.exe.sig",0,420
2026-04-29,"v0.28.0","2026-04-22T12:00:09Z","Kirodex_0.28.0_x64-setup.nsis.zip",0,4524929
2026-04-29,"v0.28.0","2026-04-22T12:00:09Z","Kirodex_0.28.0_x64-setup.nsis.zip.sig",0,424
2026-04-29,"v0.28.0","2026-04-22T12:00:09Z","Kirodex_0.28.0_x64_en-US.msi",0,5931008
2026-04-29,"v0.28.0","2026-04-22T12:00:09Z","Kirodex_0.28.0_x64_en-US.msi.sig",0,420
2026-04-29,"v0.28.0","2026-04-22T12:00:09Z","Kirodex_0.28.0_x64_en-US.msi.zip",0,5931162
2026-04-29,"v0.28.0","2026-04-22T12:00:09Z","Kirodex_0.28.0_x64_en-US.msi.zip.sig",0,424
2026-04-29,"v0.28.0","2026-04-22T12:00:09Z","Kirodex_aarch64.app.tar.gz",3,5193694
2026-04-29,"v0.28.0","2026-04-22T12:00:09Z","Kirodex_aarch64.app.tar.gz.sig",0,404
2026-04-29,"v0.28.0","2026-04-22T12:00:09Z","latest.json",145,6648
2026-04-29,"v0.27.0","2026-04-22T05:14:26Z","Kirodex-0.27.0-1.x86_64.rpm",1,6191451
2026-04-29,"v0.27.0","2026-04-22T05:14:26Z","Kirodex-0.27.0-1.x86_64.rpm.sig",1,416
2026-04-29,"v0.27.0","2026-04-22T05:14:26Z","Kirodex_0.27.0_aarch64.dmg",5,5051752
2026-04-29,"v0.27.0","2026-04-22T05:14:26Z","Kirodex_0.27.0_amd64.AppImage",1,85490168
2026-04-29,"v0.27.0","2026-04-22T05:14:26Z","Kirodex_0.27.0_amd64.AppImage.sig",1,420
2026-04-29,"v0.27.0","2026-04-22T05:14:26Z","Kirodex_0.27.0_amd64.AppImage.tar.gz",1,84812039
2026-04-29,"v0.27.0","2026-04-22T05:14:26Z","Kirodex_0.27.0_amd64.AppImage.tar.gz.sig",1,428
2026-04-29,"v0.27.0","2026-04-22T05:14:26Z","Kirodex_0.27.0_amd64.deb",1,6190796
2026-04-29,"v0.27.0","2026-04-22T05:14:26Z","Kirodex_0.27.0_amd64.deb.sig",1,412
2026-04-29,"v0.27.0","2026-04-22T05:14:26Z","Kirodex_0.27.0_x64-setup.exe",1,4521984
2026-04-29,"v0.27.0","2026-04-22T05:14:26Z","Kirodex_0.27.0_x64-setup.exe.sig",0,420
2026-04-29,"v0.27.0","2026-04-22T05:14:26Z","Kirodex_0.27.0_x64-setup.nsis.zip",0,4522138
2026-04-29,"v0.27.0","2026-04-22T05:14:26Z","Kirodex_0.27.0_x64-setup.nsis.zip.sig",0,424
2026-04-29,"v0.27.0","2026-04-22T05:14:26Z","Kirodex_0.27.0_x64_en-US.msi",0,5931008
2026-04-29,"v0.27.0","2026-04-22T05:14:26Z","Kirodex_0.27.0_x64_en-US.msi.sig",0,420
2026-04-29,"v0.27.0","2026-04-22T05:14:26Z","Kirodex_0.27.0_x64_en-US.msi.zip",0,5931162
2026-04-29,"v0.27.0","2026-04-22T05:14:26Z","Kirodex_0.27.0_x64_en-US.msi.zip.sig",0,424
2026-04-29,"v0.27.0","2026-04-22T05:14:26Z","Kirodex_aarch64.app.tar.gz",3,5192487
2026-04-29,"v0.27.0","2026-04-22T05:14:26Z","Kirodex_aarch64.app.tar.gz.sig",1,404
2026-04-29,"v0.27.0","2026-04-22T05:14:26Z","latest.json",43,6263
2026-04-29,"v0.26.0","2026-04-21T17:50:29Z","Kirodex-0.26.0-1.x86_64.rpm",0,6191168
2026-04-29,"v0.26.0","2026-04-21T17:50:29Z","Kirodex-0.26.0-1.x86_64.rpm.sig",0,416
2026-04-29,"v0.26.0","2026-04-21T17:50:29Z","Kirodex_0.26.0_aarch64.dmg",1,5051283
2026-04-29,"v0.26.0","2026-04-21T17:50:29Z","Kirodex_0.26.0_amd64.AppImage",0,85490168
2026-04-29,"v0.26.0","2026-04-21T17:50:29Z","Kirodex_0.26.0_amd64.AppImage.sig",0,420
2026-04-29,"v0.26.0","2026-04-21T17:50:29Z","Kirodex_0.26.0_amd64.AppImage.tar.gz",0,84811810
2026-04-29,"v0.26.0","2026-04-21T17:50:29Z","Kirodex_0.26.0_amd64.AppImage.tar.gz.sig",0,428
2026-04-29,"v0.26.0","2026-04-21T17:50:29Z","Kirodex_0.26.0_amd64.deb",0,6190776
2026-04-29,"v0.26.0","2026-04-21T17:50:29Z","Kirodex_0.26.0_amd64.deb.sig",0,412
2026-04-29,"v0.26.0","2026-04-21T17:50:29Z","Kirodex_0.26.0_x64-setup.exe",1,4521831
2026-04-29,"v0.26.0","2026-04-21T17:50:29Z","Kirodex_0.26.0_x64-setup.exe.sig",0,420
2026-04-29,"v0.26.0","2026-04-21T17:50:29Z","Kirodex_0.26.0_x64-setup.nsis.zip",0,4521985
2026-04-29,"v0.26.0","2026-04-21T17:50:29Z","Kirodex_0.26.0_x64-setup.nsis.zip.sig",0,424
2026-04-29,"v0.26.0","2026-04-21T17:50:29Z","Kirodex_0.26.0_x64_en-US.msi",0,5926912
2026-04-29,"v0.26.0","2026-04-21T17:50:29Z","Kirodex_0.26.0_x64_en-US.msi.sig",0,420
2026-04-29,"v0.26.0","2026-04-21T17:50:29Z","Kirodex_0.26.0_x64_en-US.msi.zip",0,5927066
2026-04-29,"v0.26.0","2026-04-21T17:50:29Z","Kirodex_0.26.0_x64_en-US.msi.zip.sig",0,424
2026-04-29,"v0.26.0","2026-04-21T17:50:29Z","Kirodex_aarch64.app.tar.gz",1,5192258
2026-04-29,"v0.26.0","2026-04-21T17:50:29Z","Kirodex_aarch64.app.tar.gz.sig",0,404
2026-04-29,"v0.26.0","2026-04-21T17:50:29Z","latest.json",45,5837
2026-04-29,"v0.25.0","2026-04-21T15:44:00Z","Kirodex-0.25.0-1.x86_64.rpm",0,6175544
2026-04-29,"v0.25.0","2026-04-21T15:44:00Z","Kirodex-0.25.0-1.x86_64.rpm.sig",0,416
2026-04-29,"v0.25.0","2026-04-21T15:44:00Z","Kirodex_0.25.0_aarch64.dmg",1,5042180
2026-04-29,"v0.25.0","2026-04-21T15:44:00Z","Kirodex_0.25.0_amd64.AppImage",0,85481976
2026-04-29,"v0.25.0","2026-04-21T15:44:00Z","Kirodex_0.25.0_amd64.AppImage.sig",0,420
2026-04-29,"v0.25.0","2026-04-21T15:44:00Z","Kirodex_0.25.0_amd64.AppImage.tar.gz",0,84804419
2026-04-29,"v0.25.0","2026-04-21T15:44:00Z","Kirodex_0.25.0_amd64.AppImage.tar.gz.sig",0,428
2026-04-29,"v0.25.0","2026-04-21T15:44:00Z","Kirodex_0.25.0_amd64.deb",0,6174838
2026-04-29,"v0.25.0","2026-04-21T15:44:00Z","Kirodex_0.25.0_amd64.deb.sig",0,412
2026-04-29,"v0.25.0","2026-04-21T15:44:00Z","Kirodex_0.25.0_x64-setup.exe",0,4513393
2026-04-29,"v0.25.0","2026-04-21T15:44:00Z","Kirodex_0.25.0_x64-setup.exe.sig",0,420
2026-04-29,"v0.25.0","2026-04-21T15:44:00Z","Kirodex_0.25.0_x64-setup.nsis.zip",0,4513547
2026-04-29,"v0.25.0","2026-04-21T15:44:00Z","Kirodex_0.25.0_x64-setup.nsis.zip.sig",0,424
2026-04-29,"v0.25.0","2026-04-21T15:44:00Z","Kirodex_0.25.0_x64_en-US.msi",2,5914624
2026-04-29,"v0.25.0","2026-04-21T15:44:00Z","Kirodex_0.25.0_x64_en-US.msi.sig",0,420
2026-04-29,"v0.25.0","2026-04-21T15:44:00Z","Kirodex_0.25.0_x64_en-US.msi.zip",0,5914778
2026-04-29,"v0.25.0","2026-04-21T15:44:00Z","Kirodex_0.25.0_x64_en-US.msi.zip.sig",0,424
2026-04-29,"v0.25.0","2026-04-21T15:44:00Z","Kirodex_aarch64.app.tar.gz",3,5176950
2026-04-29,"v0.25.0","2026-04-21T15:44:00Z","Kirodex_aarch64.app.tar.gz.sig",0,404
2026-04-29,"v0.25.0","2026-04-21T15:44:00Z","latest.json",35,5840
2026-04-29,"v0.20.0","2026-04-21T15:42:26Z","Kirodex-0.20.0-1.x86_64.rpm",0,6192812
2026-04-29,"v0.20.0","2026-04-21T15:42:26Z","Kirodex-0.20.0-1.x86_64.rpm.sig",0,416
2026-04-29,"v0.20.0","2026-04-21T15:42:26Z","Kirodex_0.20.0_aarch64.dmg",1,5053404
2026-04-29,"v0.20.0","2026-04-21T15:42:26Z","Kirodex_0.20.0_amd64.AppImage",0,85498360
2026-04-29,"v0.20.0","2026-04-21T15:42:26Z","Kirodex_0.20.0_amd64.AppImage.sig",0,420
2026-04-29,"v0.20.0","2026-04-21T15:42:26Z","Kirodex_0.20.0_amd64.AppImage.tar.gz",0,84817344
2026-04-29,"v0.20.0","2026-04-21T15:42:26Z","Kirodex_0.20.0_amd64.AppImage.tar.gz.sig",0,428
2026-04-29,"v0.20.0","2026-04-21T15:42:26Z","Kirodex_0.20.0_amd64.deb",0,6191800
2026-04-29,"v0.20.0","2026-04-21T15:42:26Z","Kirodex_0.20.0_amd64.deb.sig",0,412
2026-04-29,"v0.20.0","2026-04-21T15:42:26Z","Kirodex_0.20.0_x64-setup.exe",0,4521366
2026-04-29,"v0.20.0","2026-04-21T15:42:26Z","Kirodex_0.20.0_x64-setup.exe.sig",0,420
2026-04-29,"v0.20.0","2026-04-21T15:42:26Z","Kirodex_0.20.0_x64-setup.nsis.zip",0,4521520
2026-04-29,"v0.20.0","2026-04-21T15:42:26Z","Kirodex_0.20.0_x64-setup.nsis.zip.sig",0,424
2026-04-29,"v0.20.0","2026-04-21T15:42:26Z","Kirodex_0.20.0_x64_en-US.msi",0,5931008
2026-04-29,"v0.20.0","2026-04-21T15:42:26Z","Kirodex_0.20.0_x64_en-US.msi.sig",0,420
2026-04-29,"v0.20.0","2026-04-21T15:42:26Z","Kirodex_0.20.0_x64_en-US.msi.zip",0,5931162
2026-04-29,"v0.20.0","2026-04-21T15:42:26Z","Kirodex_0.20.0_x64_en-US.msi.zip.sig",0,424
2026-04-29,"v0.20.0","2026-04-21T15:42:26Z","Kirodex_aarch64.app.tar.gz",0,5193609
2026-04-29,"v0.20.0","2026-04-21T15:42:26Z","Kirodex_aarch64.app.tar.gz.sig",0,404
2026-04-29,"v0.20.0","2026-04-21T15:42:26Z","latest.json",0,5840
2026-04-29,"v0.18.0","2026-04-21T07:16:34Z","Kirodex-0.18.0-1.x86_64.rpm",0,6192690
2026-04-29,"v0.18.0","2026-04-21T07:16:34Z","Kirodex-0.18.0-1.x86_64.rpm.sig",0,416
2026-04-29,"v0.18.0","2026-04-21T07:16:34Z","Kirodex_0.18.0_aarch64.dmg",1,5053562
2026-04-29,"v0.18.0","2026-04-21T07:16:34Z","Kirodex_0.18.0_amd64.AppImage",0,85494264
2026-04-29,"v0.18.0","2026-04-21T07:16:34Z","Kirodex_0.18.0_amd64.AppImage.sig",0,420
2026-04-29,"v0.18.0","2026-04-21T07:16:34Z","Kirodex_0.18.0_amd64.AppImage.tar.gz",0,84816192
2026-04-29,"v0.18.0","2026-04-21T07:16:34Z","Kirodex_0.18.0_amd64.AppImage.tar.gz.sig",0,428
2026-04-29,"v0.18.0","2026-04-21T07:16:34Z","Kirodex_0.18.0_amd64.deb",0,6191932
2026-04-29,"v0.18.0","2026-04-21T07:16:34Z","Kirodex_0.18.0_amd64.deb.sig",0,412
2026-04-29,"v0.18.0","2026-04-21T07:16:34Z","Kirodex_0.18.0_x64-setup.exe",0,4521803
2026-04-29,"v0.18.0","2026-04-21T07:16:34Z","Kirodex_0.18.0_x64-setup.exe.sig",0,420
2026-04-29,"v0.18.0","2026-04-21T07:16:34Z","Kirodex_0.18.0_x64-setup.nsis.zip",0,4521957
2026-04-29,"v0.18.0","2026-04-21T07:16:34Z","Kirodex_0.18.0_x64-setup.nsis.zip.sig",0,424
2026-04-29,"v0.18.0","2026-04-21T07:16:34Z","Kirodex_0.18.0_x64_en-US.msi",0,5931008
2026-04-29,"v0.18.0","2026-04-21T07:16:34Z","Kirodex_0.18.0_x64_en-US.msi.sig",0,420
2026-04-29,"v0.18.0","2026-04-21T07:16:34Z","Kirodex_0.18.0_x64_en-US.msi.zip",0,5931162
2026-04-29,"v0.18.0","2026-04-21T07:16:34Z","Kirodex_0.18.0_x64_en-US.msi.zip.sig",0,424
2026-04-29,"v0.18.0","2026-04-21T07:16:34Z","Kirodex_aarch64.app.tar.gz",0,5193465
2026-04-29,"v0.18.0","2026-04-21T07:16:34Z","Kirodex_aarch64.app.tar.gz.sig",0,404
2026-04-29,"v0.18.0","2026-04-21T07:16:34Z","latest.json",1,5837
2026-04-29,"v0.17.0","2026-04-20T22:15:43Z","Kirodex-0.17.0-1.x86_64.rpm",0,6175393
2026-04-29,"v0.17.0","2026-04-20T22:15:43Z","Kirodex-0.17.0-1.x86_64.rpm.sig",0,416
2026-04-29,"v0.17.0","2026-04-20T22:15:43Z","Kirodex_0.17.0_aarch64.dmg",3,5040126
2026-04-29,"v0.17.0","2026-04-20T22:15:43Z","Kirodex_0.17.0_amd64.AppImage",0,85486072
2026-04-29,"v0.17.0","2026-04-20T22:15:43Z","Kirodex_0.17.0_amd64.AppImage.sig",0,420
2026-04-29,"v0.17.0","2026-04-20T22:15:43Z","Kirodex_0.17.0_amd64.AppImage.tar.gz",0,84806506
2026-04-29,"v0.17.0","2026-04-20T22:15:43Z","Kirodex_0.17.0_amd64.AppImage.tar.gz.sig",0,428
2026-04-29,"v0.17.0","2026-04-20T22:15:43Z","Kirodex_0.17.0_amd64.deb",0,6174610
2026-04-29,"v0.17.0","2026-04-20T22:15:43Z","Kirodex_0.17.0_amd64.deb.sig",0,412
2026-04-29,"v0.17.0","2026-04-20T22:15:43Z","Kirodex_0.17.0_x64-setup.exe",0,4513237
2026-04-29,"v0.17.0","2026-04-20T22:15:43Z","Kirodex_0.17.0_x64-setup.exe.sig",0,420
2026-04-29,"v0.17.0","2026-04-20T22:15:43Z","Kirodex_0.17.0_x64-setup.nsis.zip",0,4513391
2026-04-29,"v0.17.0","2026-04-20T22:15:43Z","Kirodex_0.17.0_x64-setup.nsis.zip.sig",0,424
2026-04-29,"v0.17.0","2026-04-20T22:15:43Z","Kirodex_0.17.0_x64_en-US.msi",0,5914624
2026-04-29,"v0.17.0","2026-04-20T22:15:43Z","Kirodex_0.17.0_x64_en-US.msi.sig",0,420
2026-04-29,"v0.17.0","2026-04-20T22:15:43Z","Kirodex_0.17.0_x64_en-US.msi.zip",0,5914778
2026-04-29,"v0.17.0","2026-04-20T22:15:43Z","Kirodex_0.17.0_x64_en-US.msi.zip.sig",0,424
2026-04-29,"v0.17.0","2026-04-20T22:15:43Z","Kirodex_aarch64.app.tar.gz",3,5176330
2026-04-29,"v0.17.0","2026-04-20T22:15:43Z","Kirodex_aarch64.app.tar.gz.sig",0,404
2026-04-29,"v0.17.0","2026-04-20T22:15:43Z","latest.json",31,6459
2026-04-29,"v0.16.1","2026-04-20T21:36:37Z","Kirodex-0.16.1-1.x86_64.rpm",0,6169721
2026-04-29,"v0.16.1","2026-04-20T21:36:37Z","Kirodex-0.16.1-1.x86_64.rpm.sig",0,416
2026-04-29,"v0.16.1","2026-04-20T21:36:37Z","Kirodex_0.16.1_aarch64.dmg",1,5037236
2026-04-29,"v0.16.1","2026-04-20T21:36:37Z","Kirodex_0.16.1_amd64.AppImage",0,85477880
2026-04-29,"v0.16.1","2026-04-20T21:36:37Z","Kirodex_0.16.1_amd64.AppImage.sig",0,420
2026-04-29,"v0.16.1","2026-04-20T21:36:37Z","Kirodex_0.16.1_amd64.AppImage.tar.gz",0,84797859
2026-04-29,"v0.16.1","2026-04-20T21:36:37Z","Kirodex_0.16.1_amd64.AppImage.tar.gz.sig",0,428
2026-04-29,"v0.16.1","2026-04-20T21:36:37Z","Kirodex_0.16.1_amd64.deb",0,6169364
2026-04-29,"v0.16.1","2026-04-20T21:36:37Z","Kirodex_0.16.1_amd64.deb.sig",0,412
2026-04-29,"v0.16.1","2026-04-20T21:36:37Z","Kirodex_0.16.1_x64-setup.exe",0,4508843
2026-04-29,"v0.16.1","2026-04-20T21:36:37Z","Kirodex_0.16.1_x64-setup.exe.sig",0,420
2026-04-29,"v0.16.1","2026-04-20T21:36:37Z","Kirodex_0.16.1_x64-setup.nsis.zip",0,4508997
2026-04-29,"v0.16.1","2026-04-20T21:36:37Z","Kirodex_0.16.1_x64-setup.nsis.zip.sig",0,424
2026-04-29,"v0.16.1","2026-04-20T21:36:37Z","Kirodex_0.16.1_x64_en-US.msi",0,5910528
2026-04-29,"v0.16.1","2026-04-20T21:36:37Z","Kirodex_0.16.1_x64_en-US.msi.sig",0,420
2026-04-29,"v0.16.1","2026-04-20T21:36:37Z","Kirodex_0.16.1_x64_en-US.msi.zip",0,5910682
2026-04-29,"v0.16.1","2026-04-20T21:36:37Z","Kirodex_0.16.1_x64_en-US.msi.zip.sig",0,424
2026-04-29,"v0.16.1","2026-04-20T21:36:37Z","Kirodex_aarch64.app.tar.gz",1,5173063
2026-04-29,"v0.16.1","2026-04-20T21:36:37Z","Kirodex_aarch64.app.tar.gz.sig",0,404
2026-04-29,"v0.16.1","2026-04-20T21:36:37Z","latest.json",5,5840
2026-04-29,"v0.16.0","2026-04-20T21:28:47Z","Kirodex-0.16.0-1.x86_64.rpm",0,6168686
2026-04-29,"v0.16.0","2026-04-20T21:28:47Z","Kirodex-0.16.0-1.x86_64.rpm.sig",0,416
2026-04-29,"v0.16.0","2026-04-20T21:28:47Z","Kirodex_0.16.0_aarch64.dmg",1,5035269
2026-04-29,"v0.16.0","2026-04-20T21:28:47Z","Kirodex_0.16.0_amd64.AppImage",0,85473784
2026-04-29,"v0.16.0","2026-04-20T21:28:47Z","Kirodex_0.16.0_amd64.AppImage.sig",0,420
2026-04-29,"v0.16.0","2026-04-20T21:28:47Z","Kirodex_0.16.0_amd64.AppImage.tar.gz",0,84793732
2026-04-29,"v0.16.0","2026-04-20T21:28:47Z","Kirodex_0.16.0_amd64.AppImage.tar.gz.sig",0,428
2026-04-29,"v0.16.0","2026-04-20T21:28:47Z","Kirodex_0.16.0_amd64.deb",0,6168350
2026-04-29,"v0.16.0","2026-04-20T21:28:47Z","Kirodex_0.16.0_amd64.deb.sig",0,412
2026-04-29,"v0.16.0","2026-04-20T21:28:47Z","Kirodex_0.16.0_x64-setup.exe",0,4508514
2026-04-29,"v0.16.0","2026-04-20T21:28:47Z","Kirodex_0.16.0_x64-setup.exe.sig",0,420
2026-04-29,"v0.16.0","2026-04-20T21:28:47Z","Kirodex_0.16.0_x64-setup.nsis.zip",0,4508668
2026-04-29,"v0.16.0","2026-04-20T21:28:47Z","Kirodex_0.16.0_x64-setup.nsis.zip.sig",0,424
2026-04-29,"v0.16.0","2026-04-20T21:28:47Z","Kirodex_0.16.0_x64_en-US.msi",0,5910528
2026-04-29,"v0.16.0","2026-04-20T21:28:47Z","Kirodex_0.16.0_x64_en-US.msi.sig",0,420
2026-04-29,"v0.16.0","2026-04-20T21:28:47Z","Kirodex_0.16.0_x64_en-US.msi.zip",0,5910682
2026-04-29,"v0.16.0","2026-04-20T21:28:47Z","Kirodex_0.16.0_x64_en-US.msi.zip.sig",0,424
2026-04-29,"v0.16.0","2026-04-20T21:28:47Z","Kirodex_aarch64.app.tar.gz",0,5173009
2026-04-29,"v0.16.0","2026-04-20T21:28:47Z","Kirodex_aarch64.app.tar.gz.sig",0,404
2026-04-29,"v0.16.0","2026-04-20T21:28:47Z","latest.json",2,6650
2026-04-29,"v0.15.0","2026-04-20T20:24:26Z","Kirodex-0.15.0-1.x86_64.rpm",0,6344122
2026-04-29,"v0.15.0","2026-04-20T20:24:26Z","Kirodex-0.15.0-1.x86_64.rpm.sig",0,416
2026-04-29,"v0.15.0","2026-04-20T20:24:26Z","Kirodex_0.15.0_aarch64.dmg",1,5171240
2026-04-29,"v0.15.0","2026-04-20T20:24:26Z","Kirodex_0.15.0_amd64.AppImage",0,85637624
2026-04-29,"v0.15.0","2026-04-20T20:24:26Z","Kirodex_0.15.0_amd64.AppImage.sig",0,420
2026-04-29,"v0.15.0","2026-04-20T20:24:26Z","Kirodex_0.15.0_amd64.AppImage.tar.gz",0,84960796
2026-04-29,"v0.15.0","2026-04-20T20:24:26Z","Kirodex_0.15.0_amd64.AppImage.tar.gz.sig",0,428
2026-04-29,"v0.15.0","2026-04-20T20:24:26Z","Kirodex_0.15.0_amd64.deb",0,6343900
2026-04-29,"v0.15.0","2026-04-20T20:24:26Z","Kirodex_0.15.0_amd64.deb.sig",0,412
2026-04-29,"v0.15.0","2026-04-20T20:24:26Z","Kirodex_0.15.0_x64-setup.exe",0,4511544
2026-04-29,"v0.15.0","2026-04-20T20:24:26Z","Kirodex_0.15.0_x64-setup.exe.sig",0,420
2026-04-29,"v0.15.0","2026-04-20T20:24:26Z","Kirodex_0.15.0_x64-setup.nsis.zip",0,4511698
2026-04-29,"v0.15.0","2026-04-20T20:24:26Z","Kirodex_0.15.0_x64-setup.nsis.zip.sig",0,424
2026-04-29,"v0.15.0","2026-04-20T20:24:26Z","Kirodex_0.15.0_x64_en-US.msi",0,5910528
2026-04-29,"v0.15.0","2026-04-20T20:24:26Z","Kirodex_0.15.0_x64_en-US.msi.sig",0,420
2026-04-29,"v0.15.0","2026-04-20T20:24:26Z","Kirodex_0.15.0_x64_en-US.msi.zip",0,5910682
2026-04-29,"v0.15.0","2026-04-20T20:24:26Z","Kirodex_0.15.0_x64_en-US.msi.zip.sig",0,424
2026-04-29,"v0.15.0","2026-04-20T20:24:26Z","Kirodex_aarch64.app.tar.gz",1,5311584
2026-04-29,"v0.15.0","2026-04-20T20:24:26Z","Kirodex_aarch64.app.tar.gz.sig",0,404
2026-04-29,"v0.15.0","2026-04-20T20:24:26Z","latest.json",13,6836
2026-04-29,"v0.14.0","2026-04-18T23:17:05Z","Kirodex-0.14.0-1.x86_64.rpm",1,6343655
2026-04-29,"v0.14.0","2026-04-18T23:17:05Z","Kirodex-0.14.0-1.x86_64.rpm.sig",1,416
2026-04-29,"v0.14.0","2026-04-18T23:17:05Z","Kirodex_0.14.0_aarch64.dmg",11,5170948
2026-04-29,"v0.14.0","2026-04-18T23:17:05Z","Kirodex_0.14.0_amd64.AppImage",2,85645816
2026-04-29,"v0.14.0","2026-04-18T23:17:05Z","Kirodex_0.14.0_amd64.AppImage.sig",1,420
2026-04-29,"v0.14.0","2026-04-18T23:17:05Z","Kirodex_0.14.0_amd64.AppImage.tar.gz",1,84965895
2026-04-29,"v0.14.0","2026-04-18T23:17:05Z","Kirodex_0.14.0_amd64.AppImage.tar.gz.sig",1,428
2026-04-29,"v0.14.0","2026-04-18T23:17:05Z","Kirodex_0.14.0_amd64.deb",1,6343416
2026-04-29,"v0.14.0","2026-04-18T23:17:05Z","Kirodex_0.14.0_amd64.deb.sig",1,412
2026-04-29,"v0.14.0","2026-04-18T23:17:05Z","Kirodex_0.14.0_x64-setup.exe",3,4510164
2026-04-29,"v0.14.0","2026-04-18T23:17:05Z","Kirodex_0.14.0_x64-setup.exe.sig",1,420
2026-04-29,"v0.14.0","2026-04-18T23:17:05Z","Kirodex_0.14.0_x64-setup.nsis.zip",0,4510318
2026-04-29,"v0.14.0","2026-04-18T23:17:05Z","Kirodex_0.14.0_x64-setup.nsis.zip.sig",0,424
2026-04-29,"v0.14.0","2026-04-18T23:17:05Z","Kirodex_0.14.0_x64_en-US.msi",2,5910528
2026-04-29,"v0.14.0","2026-04-18T23:17:05Z","Kirodex_0.14.0_x64_en-US.msi.sig",0,420
2026-04-29,"v0.14.0","2026-04-18T23:17:05Z","Kirodex_0.14.0_x64_en-US.msi.zip",0,5910682
2026-04-29,"v0.14.0","2026-04-18T23:17:05Z","Kirodex_0.14.0_x64_en-US.msi.zip.sig",0,424
2026-04-29,"v0.14.0","2026-04-18T23:17:05Z","Kirodex_aarch64.app.tar.gz",5,5311379
2026-04-29,"v0.14.0","2026-04-18T23:17:05Z","Kirodex_aarch64.app.tar.gz.sig",1,404
2026-04-29,"v0.14.0","2026-04-18T23:17:05Z","latest.json",258,6200
2026-04-29,"v0.13.0","2026-04-18T14:14:59Z","Kirodex-0.13.0-1.x86_64.rpm",0,5961199
2026-04-29,"v0.13.0","2026-04-18T14:14:59Z","Kirodex-0.13.0-1.x86_64.rpm.sig",0,416
2026-04-29,"v0.13.0","2026-04-18T14:14:59Z","Kirodex_0.13.0_aarch64.dmg",2,4838126
2026-04-29,"v0.13.0","2026-04-18T14:14:59Z","Kirodex_0.13.0_amd64.AppImage",0,85289464
2026-04-29,"v0.13.0","2026-04-18T14:14:59Z","Kirodex_0.13.0_amd64.AppImage.sig",0,420
2026-04-29,"v0.13.0","2026-04-18T14:14:59Z","Kirodex_0.13.0_amd64.AppImage.tar.gz",0,84610774
2026-04-29,"v0.13.0","2026-04-18T14:14:59Z","Kirodex_0.13.0_amd64.AppImage.tar.gz.sig",0,428
2026-04-29,"v0.13.0","2026-04-18T14:14:59Z","Kirodex_0.13.0_amd64.deb",0,5961276
2026-04-29,"v0.13.0","2026-04-18T14:14:59Z","Kirodex_0.13.0_amd64.deb.sig",0,412
2026-04-29,"v0.13.0","2026-04-18T14:14:59Z","Kirodex_0.13.0_x64-setup.exe",1,4224982
2026-04-29,"v0.13.0","2026-04-18T14:14:59Z","Kirodex_0.13.0_x64-setup.exe.sig",0,420
2026-04-29,"v0.13.0","2026-04-18T14:14:59Z","Kirodex_0.13.0_x64-setup.nsis.zip",0,4225136
2026-04-29,"v0.13.0","2026-04-18T14:14:59Z","Kirodex_0.13.0_x64-setup.nsis.zip.sig",0,424
2026-04-29,"v0.13.0","2026-04-18T14:14:59Z","Kirodex_0.13.0_x64_en-US.msi",2,5550080
2026-04-29,"v0.13.0","2026-04-18T14:14:59Z","Kirodex_0.13.0_x64_en-US.msi.sig",0,420
2026-04-29,"v0.13.0","2026-04-18T14:14:59Z","Kirodex_0.13.0_x64_en-US.msi.zip",0,5550234
2026-04-29,"v0.13.0","2026-04-18T14:14:59Z","Kirodex_0.13.0_x64_en-US.msi.zip.sig",0,424
2026-04-29,"v0.13.0","2026-04-18T14:14:59Z","Kirodex_aarch64.app.tar.gz",1,4975864
2026-04-29,"v0.13.0","2026-04-18T14:14:59Z","Kirodex_aarch64.app.tar.gz.sig",0,404
2026-04-29,"v0.13.0","2026-04-18T14:14:59Z","latest.json",59,8872
2026-04-29,"v0.12.0","2026-04-17T21:41:37Z","Kirodex-0.12.0-1.x86_64.rpm",2,5951163
2026-04-29,"v0.12.0","2026-04-17T21:41:37Z","Kirodex-0.12.0-1.x86_64.rpm.sig",2,416
2026-04-29,"v0.12.0","2026-04-17T21:41:37Z","Kirodex_0.12.0_aarch64.dmg",4,4827377
2026-04-29,"v0.12.0","2026-04-17T21:41:37Z","Kirodex_0.12.0_amd64.AppImage",2,85281272
2026-04-29,"v0.12.0","2026-04-17T21:41:37Z","Kirodex_0.12.0_amd64.AppImage.sig",2,420
2026-04-29,"v0.12.0","2026-04-17T21:41:37Z","Kirodex_0.12.0_amd64.AppImage.tar.gz",2,84604208
2026-04-29,"v0.12.0","2026-04-17T21:41:37Z","Kirodex_0.12.0_amd64.AppImage.tar.gz.sig",2,428
2026-04-29,"v0.12.0","2026-04-17T21:41:37Z","Kirodex_0.12.0_amd64.deb",2,5950246
2026-04-29,"v0.12.0","2026-04-17T21:41:37Z","Kirodex_0.12.0_amd64.deb.sig",2,412
2026-04-29,"v0.12.0","2026-04-17T21:41:37Z","Kirodex_0.12.0_x64-setup.exe",2,4216685
2026-04-29,"v0.12.0","2026-04-17T21:41:37Z","Kirodex_0.12.0_x64-setup.exe.sig",1,420
2026-04-29,"v0.12.0","2026-04-17T21:41:37Z","Kirodex_0.12.0_x64-setup.nsis.zip",1,4216839
2026-04-29,"v0.12.0","2026-04-17T21:41:37Z","Kirodex_0.12.0_x64-setup.nsis.zip.sig",1,424
2026-04-29,"v0.12.0","2026-04-17T21:41:37Z","Kirodex_0.12.0_x64_en-US.msi",2,5537792
2026-04-29,"v0.12.0","2026-04-17T21:41:37Z","Kirodex_0.12.0_x64_en-US.msi.sig",1,420
2026-04-29,"v0.12.0","2026-04-17T21:41:37Z","Kirodex_0.12.0_x64_en-US.msi.zip",1,5537946
2026-04-29,"v0.12.0","2026-04-17T21:41:37Z","Kirodex_0.12.0_x64_en-US.msi.zip.sig",1,424
2026-04-29,"v0.12.0","2026-04-17T21:41:37Z","Kirodex_aarch64.app.tar.gz",3,4965547
2026-04-29,"v0.12.0","2026-04-17T21:41:37Z","Kirodex_aarch64.app.tar.gz.sig",2,404
2026-04-29,"v0.12.0","2026-04-17T21:41:37Z","latest.json",113,9194
2026-04-29,"v0.11.0","2026-04-16T09:15:54Z","Kirodex-0.11.0-1.x86_64.rpm",2,4813124
2026-04-29,"v0.11.0","2026-04-16T09:15:54Z","Kirodex-0.11.0-1.x86_64.rpm.sig",1,416
2026-04-29,"v0.11.0","2026-04-16T09:15:54Z","Kirodex_0.11.0_aarch64.dmg",13,4054446
2026-04-29,"v0.11.0","2026-04-16T09:15:54Z","Kirodex_0.11.0_amd64.AppImage",1,84236792
2026-04-29,"v0.11.0","2026-04-16T09:15:54Z","Kirodex_0.11.0_amd64.AppImage.sig",1,420
2026-04-29,"v0.11.0","2026-04-16T09:15:54Z","Kirodex_0.11.0_amd64.AppImage.tar.gz",1,83555666
2026-04-29,"v0.11.0","2026-04-16T09:15:54Z","Kirodex_0.11.0_amd64.AppImage.tar.gz.sig",1,428
2026-04-29,"v0.11.0","2026-04-16T09:15:54Z","Kirodex_0.11.0_amd64.deb",1,4812524
2026-04-29,"v0.11.0","2026-04-16T09:15:54Z","Kirodex_0.11.0_amd64.deb.sig",1,412
2026-04-29,"v0.11.0","2026-04-16T09:15:54Z","Kirodex_0.11.0_x64-setup.exe",4,3482801
2026-04-29,"v0.11.0","2026-04-16T09:15:54Z","Kirodex_0.11.0_x64-setup.exe.sig",1,420
2026-04-29,"v0.11.0","2026-04-16T09:15:54Z","Kirodex_0.11.0_x64-setup.nsis.zip",1,3482955
2026-04-29,"v0.11.0","2026-04-16T09:15:54Z","Kirodex_0.11.0_x64-setup.nsis.zip.sig",1,424
2026-04-29,"v0.11.0","2026-04-16T09:15:54Z","Kirodex_0.11.0_x64_en-US.msi",3,4526080
2026-04-29,"v0.11.0","2026-04-16T09:15:54Z","Kirodex_0.11.0_x64_en-US.msi.sig",1,420
2026-04-29,"v0.11.0","2026-04-16T09:15:54Z","Kirodex_0.11.0_x64_en-US.msi.zip",1,4526234
2026-04-29,"v0.11.0","2026-04-16T09:15:54Z","Kirodex_0.11.0_x64_en-US.msi.zip.sig",1,424
2026-04-29,"v0.11.0","2026-04-16T09:15:54Z","Kirodex_aarch64.app.tar.gz",3,4162251
2026-04-29,"v0.11.0","2026-04-16T09:15:54Z","Kirodex_aarch64.app.tar.gz.sig",1,404
2026-04-29,"v0.11.0","2026-04-16T09:15:54Z","latest.json",169,6046
2026-04-29,"v0.10.1","2026-04-15T23:01:34Z","Kirodex-0.10.1-1.x86_64.rpm",2,4812262
2026-04-29,"v0.10.1","2026-04-15T23:01:34Z","Kirodex-0.10.1-1.x86_64.rpm.sig",2,416
2026-04-29,"v0.10.1","2026-04-15T23:01:34Z","Kirodex_0.10.1_aarch64.dmg",7,4053137
2026-04-29,"v0.10.1","2026-04-15T23:01:34Z","Kirodex_0.10.1_amd64.AppImage",2,84236792
2026-04-29,"v0.10.1","2026-04-15T23:01:34Z","Kirodex_0.10.1_amd64.AppImage.sig",2,420
2026-04-29,"v0.10.1","2026-04-15T23:01:34Z","Kirodex_0.10.1_amd64.AppImage.tar.gz",2,83555841
2026-04-29,"v0.10.1","2026-04-15T23:01:34Z","Kirodex_0.10.1_amd64.AppImage.tar.gz.sig",2,428
2026-04-29,"v0.10.1","2026-04-15T23:01:34Z","Kirodex_0.10.1_amd64.deb",2,4811812
2026-04-29,"v0.10.1","2026-04-15T23:01:34Z","Kirodex_0.10.1_amd64.deb.sig",2,412
2026-04-29,"v0.10.1","2026-04-15T23:01:34Z","Kirodex_0.10.1_x64-setup.exe",2,3481408
2026-04-29,"v0.10.1","2026-04-15T23:01:34Z","Kirodex_0.10.1_x64-setup.exe.sig",2,420
2026-04-29,"v0.10.1","2026-04-15T23:01:34Z","Kirodex_0.10.1_x64-setup.nsis.zip",2,3481562
2026-04-29,"v0.10.1","2026-04-15T23:01:34Z","Kirodex_0.10.1_x64-setup.nsis.zip.sig",2,424
2026-04-29,"v0.10.1","2026-04-15T23:01:34Z","Kirodex_0.10.1_x64_en-US.msi",2,4526080
2026-04-29,"v0.10.1","2026-04-15T23:01:34Z","Kirodex_0.10.1_x64_en-US.msi.sig",2,420
2026-04-29,"v0.10.1","2026-04-15T23:01:34Z","Kirodex_0.10.1_x64_en-US.msi.zip",2,4526234
2026-04-29,"v0.10.1","2026-04-15T23:01:34Z","Kirodex_0.10.1_x64_en-US.msi.zip.sig",2,424
2026-04-29,"v0.10.1","2026-04-15T23:01:34Z","Kirodex_aarch64.app.tar.gz",3,4161312
2026-04-29,"v0.10.1","2026-04-15T23:01:34Z","Kirodex_aarch64.app.tar.gz.sig",2,404
2026-04-29,"v0.10.1","2026-04-15T23:01:34Z","latest.json",18,5799
2026-04-29,"v0.10.0","2026-04-15T22:47:39Z","Kirodex-0.10.0-1.x86_64.rpm",2,4810567
2026-04-29,"v0.10.0","2026-04-15T22:47:39Z","Kirodex-0.10.0-1.x86_64.rpm.sig",2,416
2026-04-29,"v0.10.0","2026-04-15T22:47:39Z","Kirodex_0.10.0_aarch64.dmg",3,4051957
2026-04-29,"v0.10.0","2026-04-15T22:47:39Z","Kirodex_0.10.0_amd64.AppImage",2,84232696
2026-04-29,"v0.10.0","2026-04-15T22:47:39Z","Kirodex_0.10.0_amd64.AppImage.sig",2,420
2026-04-29,"v0.10.0","2026-04-15T22:47:39Z","Kirodex_0.10.0_amd64.AppImage.tar.gz",2,83556079
2026-04-29,"v0.10.0","2026-04-15T22:47:39Z","Kirodex_0.10.0_amd64.AppImage.tar.gz.sig",2,428
2026-04-29,"v0.10.0","2026-04-15T22:47:39Z","Kirodex_0.10.0_amd64.deb",2,4810406
2026-04-29,"v0.10.0","2026-04-15T22:47:39Z","Kirodex_0.10.0_amd64.deb.sig",2,412
2026-04-29,"v0.10.0","2026-04-15T22:47:39Z","Kirodex_0.10.0_x64-setup.exe",2,3480234
2026-04-29,"v0.10.0","2026-04-15T22:47:39Z","Kirodex_0.10.0_x64-setup.exe.sig",2,420
2026-04-29,"v0.10.0","2026-04-15T22:47:39Z","Kirodex_0.10.0_x64-setup.nsis.zip",2,3480388
2026-04-29,"v0.10.0","2026-04-15T22:47:39Z","Kirodex_0.10.0_x64-setup.nsis.zip.sig",2,424
2026-04-29,"v0.10.0","2026-04-15T22:47:39Z","Kirodex_0.10.0_x64_en-US.msi",2,4526080
2026-04-29,"v0.10.0","2026-04-15T22:47:39Z","Kirodex_0.10.0_x64_en-US.msi.sig",2,420
2026-04-29,"v0.10.0","2026-04-15T22:47:39Z","Kirodex_0.10.0_x64_en-US.msi.zip",2,4526234
2026-04-29,"v0.10.0","2026-04-15T22:47:39Z","Kirodex_0.10.0_x64_en-US.msi.zip.sig",2,424
2026-04-29,"v0.10.0","2026-04-15T22:47:39Z","Kirodex_aarch64.app.tar.gz",3,4160740
2026-04-29,"v0.10.0","2026-04-15T22:47:39Z","Kirodex_aarch64.app.tar.gz.sig",2,404
2026-04-29,"v0.10.0","2026-04-15T22:47:39Z","latest.json",4,5872
2026-04-29,"v0.9.2","2026-04-15T21:34:47Z","Kirodex-0.9.2-1.x86_64.rpm",1,4810425
2026-04-29,"v0.9.2","2026-04-15T21:34:47Z","Kirodex-0.9.2-1.x86_64.rpm.sig",1,416
2026-04-29,"v0.9.2","2026-04-15T21:34:47Z","Kirodex_0.9.2_aarch64.dmg",2,4051638
2026-04-29,"v0.9.2","2026-04-15T21:34:47Z","Kirodex_0.9.2_amd64.AppImage",1,84232696
2026-04-29,"v0.9.2","2026-04-15T21:34:47Z","Kirodex_0.9.2_amd64.AppImage.sig",1,420
2026-04-29,"v0.9.2","2026-04-15T21:34:47Z","Kirodex_0.9.2_amd64.AppImage.tar.gz",1,83554218
2026-04-29,"v0.9.2","2026-04-15T21:34:47Z","Kirodex_0.9.2_amd64.AppImage.tar.gz.sig",1,428
2026-04-29,"v0.9.2","2026-04-15T21:34:47Z","Kirodex_0.9.2_amd64.deb",1,4810232
2026-04-29,"v0.9.2","2026-04-15T21:34:47Z","Kirodex_0.9.2_amd64.deb.sig",1,412
2026-04-29,"v0.9.2","2026-04-15T21:34:47Z","Kirodex_0.9.2_x64-setup.exe",1,3480188
2026-04-29,"v0.9.2","2026-04-15T21:34:47Z","Kirodex_0.9.2_x64-setup.exe.sig",1,416
2026-04-29,"v0.9.2","2026-04-15T21:34:47Z","Kirodex_0.9.2_x64-setup.nsis.zip",1,3480340
2026-04-29,"v0.9.2","2026-04-15T21:34:47Z","Kirodex_0.9.2_x64-setup.nsis.zip.sig",1,424
2026-04-29,"v0.9.2","2026-04-15T21:34:47Z","Kirodex_0.9.2_x64_en-US.msi",1,4521984
2026-04-29,"v0.9.2","2026-04-15T21:34:47Z","Kirodex_0.9.2_x64_en-US.msi.sig",1,416
2026-04-29,"v0.9.2","2026-04-15T21:34:47Z","Kirodex_0.9.2_x64_en-US.msi.zip",1,4522136
2026-04-29,"v0.9.2","2026-04-15T21:34:47Z","Kirodex_0.9.2_x64_en-US.msi.zip.sig",1,424
2026-04-29,"v0.9.2","2026-04-15T21:34:47Z","Kirodex_aarch64.app.tar.gz",1,4160423
2026-04-29,"v0.9.2","2026-04-15T21:34:47Z","Kirodex_aarch64.app.tar.gz.sig",1,404
2026-04-29,"v0.9.2","2026-04-15T21:34:47Z","latest.json",15,6607
2026-04-29,"v0.9.1","2026-04-15T13:18:35Z","Kirodex-0.9.1-1.x86_64.rpm",1,4798705
2026-04-29,"v0.9.1","2026-04-15T13:18:35Z","Kirodex-0.9.1-1.x86_64.rpm.sig",1,416
2026-04-29,"v0.9.1","2026-04-15T13:18:35Z","Kirodex_0.9.1_aarch64.dmg",2,4039528
2026-04-29,"v0.9.1","2026-04-15T13:18:35Z","Kirodex_0.9.1_amd64.AppImage",1,84216312
2026-04-29,"v0.9.1","2026-04-15T13:18:35Z","Kirodex_0.9.1_amd64.AppImage.sig",1,420
2026-04-29,"v0.9.1","2026-04-15T13:18:35Z","Kirodex_0.9.1_amd64.AppImage.tar.gz",1,83538748
2026-04-29,"v0.9.1","2026-04-15T13:18:35Z","Kirodex_0.9.1_amd64.AppImage.tar.gz.sig",1,428
2026-04-29,"v0.9.1","2026-04-15T13:18:35Z","Kirodex_0.9.1_amd64.deb",1,4798180
2026-04-29,"v0.9.1","2026-04-15T13:18:35Z","Kirodex_0.9.1_amd64.deb.sig",1,412
2026-04-29,"v0.9.1","2026-04-15T13:18:35Z","Kirodex_0.9.1_x64-setup.exe",1,3468323
2026-04-29,"v0.9.1","2026-04-15T13:18:35Z","Kirodex_0.9.1_x64-setup.exe.sig",1,416
2026-04-29,"v0.9.1","2026-04-15T13:18:35Z","Kirodex_0.9.1_x64-setup.nsis.zip",1,3468475
2026-04-29,"v0.9.1","2026-04-15T13:18:35Z","Kirodex_0.9.1_x64-setup.nsis.zip.sig",1,424
2026-04-29,"v0.9.1","2026-04-15T13:18:35Z","Kirodex_0.9.1_x64_en-US.msi",1,4509696
2026-04-29,"v0.9.1","2026-04-15T13:18:35Z","Kirodex_0.9.1_x64_en-US.msi.sig",1,416
2026-04-29,"v0.9.1","2026-04-15T13:18:35Z","Kirodex_0.9.1_x64_en-US.msi.zip",1,4509848
2026-04-29,"v0.9.1","2026-04-15T13:18:35Z","Kirodex_0.9.1_x64_en-US.msi.zip.sig",1,424
2026-04-29,"v0.9.1","2026-04-15T13:18:35Z","Kirodex_aarch64.app.tar.gz",2,4145810
2026-04-29,"v0.9.1","2026-04-15T13:18:35Z","Kirodex_aarch64.app.tar.gz.sig",1,404
2026-04-29,"v0.9.1","2026-04-15T13:18:35Z","latest.json",60,5927
2026-04-29,"v0.9.0","2026-04-15T12:13:02Z","Kirodex-0.9.0-1.x86_64.rpm",1,4796707
2026-04-29,"v0.9.0","2026-04-15T12:13:02Z","Kirodex-0.9.0-1.x86_64.rpm.sig",1,416
2026-04-29,"v0.9.0","2026-04-15T12:13:02Z","Kirodex_0.9.0_aarch64.dmg",3,4035968
2026-04-29,"v0.9.0","2026-04-15T12:13:02Z","Kirodex_0.9.0_amd64.AppImage",1,84216312
2026-04-29,"v0.9.0","2026-04-15T12:13:02Z","Kirodex_0.9.0_amd64.AppImage.sig",1,420
2026-04-29,"v0.9.0","2026-04-15T12:13:02Z","Kirodex_0.9.0_amd64.AppImage.tar.gz",1,83536211
2026-04-29,"v0.9.0","2026-04-15T12:13:02Z","Kirodex_0.9.0_amd64.AppImage.tar.gz.sig",1,428
2026-04-29,"v0.9.0","2026-04-15T12:13:02Z","Kirodex_0.9.0_amd64.deb",1,4796174
2026-04-29,"v0.9.0","2026-04-15T12:13:02Z","Kirodex_0.9.0_amd64.deb.sig",1,412
2026-04-29,"v0.9.0","2026-04-15T12:13:02Z","Kirodex_0.9.0_x64-setup.exe",1,3466408
2026-04-29,"v0.9.0","2026-04-15T12:13:02Z","Kirodex_0.9.0_x64-setup.exe.sig",1,416
2026-04-29,"v0.9.0","2026-04-15T12:13:02Z","Kirodex_0.9.0_x64-setup.nsis.zip",1,3466560
2026-04-29,"v0.9.0","2026-04-15T12:13:02Z","Kirodex_0.9.0_x64-setup.nsis.zip.sig",1,424
2026-04-29,"v0.9.0","2026-04-15T12:13:02Z","Kirodex_0.9.0_x64_en-US.msi",1,4509696
2026-04-29,"v0.9.0","2026-04-15T12:13:02Z","Kirodex_0.9.0_x64_en-US.msi.sig",1,416
2026-04-29,"v0.9.0","2026-04-15T12:13:02Z","Kirodex_0.9.0_x64_en-US.msi.zip",1,4509848
2026-04-29,"v0.9.0","2026-04-15T12:13:02Z","Kirodex_0.9.0_x64_en-US.msi.zip.sig",1,424
2026-04-29,"v0.9.0","2026-04-15T12:13:02Z","Kirodex_aarch64.app.tar.gz",2,4144993
2026-04-29,"v0.9.0","2026-04-15T12:13:02Z","Kirodex_aarch64.app.tar.gz.sig",1,404
2026-04-29,"v0.9.0","2026-04-15T12:13:02Z","latest.json",11,6340
2026-04-29,"v0.8.15","2026-04-15T09:01:20Z","Kirodex-0.8.15-1.x86_64.rpm",2,4776385
2026-04-29,"v0.8.15","2026-04-15T09:01:20Z","Kirodex-0.8.15-1.x86_64.rpm.sig",2,416
2026-04-29,"v0.8.15","2026-04-15T09:01:20Z","Kirodex_0.8.15_aarch64.dmg",3,4017412
2026-04-29,"v0.8.15","2026-04-15T09:01:20Z","Kirodex_0.8.15_amd64.AppImage",2,84204024
2026-04-29,"v0.8.15","2026-04-15T09:01:20Z","Kirodex_0.8.15_amd64.AppImage.sig",2,420
2026-04-29,"v0.8.15","2026-04-15T09:01:20Z","Kirodex_0.8.15_amd64.AppImage.tar.gz",2,83525270
2026-04-29,"v0.8.15","2026-04-15T09:01:20Z","Kirodex_0.8.15_amd64.AppImage.tar.gz.sig",2,428
2026-04-29,"v0.8.15","2026-04-15T09:01:20Z","Kirodex_0.8.15_amd64.deb",2,4775354
2026-04-29,"v0.8.15","2026-04-15T09:01:20Z","Kirodex_0.8.15_amd64.deb.sig",2,412
2026-04-29,"v0.8.15","2026-04-15T09:01:20Z","Kirodex_0.8.15_x64-setup.exe",2,3452076
2026-04-29,"v0.8.15","2026-04-15T09:01:20Z","Kirodex_0.8.15_x64-setup.exe.sig",2,420
2026-04-29,"v0.8.15","2026-04-15T09:01:20Z","Kirodex_0.8.15_x64-setup.nsis.zip",2,3452230
2026-04-29,"v0.8.15","2026-04-15T09:01:20Z","Kirodex_0.8.15_x64-setup.nsis.zip.sig",2,424
2026-04-29,"v0.8.15","2026-04-15T09:01:20Z","Kirodex_0.8.15_x64_en-US.msi",2,4493312
2026-04-29,"v0.8.15","2026-04-15T09:01:20Z","Kirodex_0.8.15_x64_en-US.msi.sig",2,420
2026-04-29,"v0.8.15","2026-04-15T09:01:20Z","Kirodex_0.8.15_x64_en-US.msi.zip",2,4493466
2026-04-29,"v0.8.15","2026-04-15T09:01:20Z","Kirodex_0.8.15_x64_en-US.msi.zip.sig",2,424
2026-04-29,"v0.8.15","2026-04-15T09:01:20Z","Kirodex_aarch64.app.tar.gz",3,4124822
2026-04-29,"v0.8.15","2026-04-15T09:01:20Z","Kirodex_aarch64.app.tar.gz.sig",2,404
2026-04-29,"v0.8.15","2026-04-15T09:01:20Z","latest.json",29,5745
2026-04-29,"v0.8.14","2026-04-15T08:41:46Z","Kirodex-0.8.14-1.x86_64.rpm",1,4776135
2026-04-29,"v0.8.14","2026-04-15T08:41:46Z","Kirodex-0.8.14-1.x86_64.rpm.sig",1,416
2026-04-29,"v0.8.14","2026-04-15T08:41:46Z","Kirodex_0.8.14_aarch64.dmg",2,4017259
2026-04-29,"v0.8.14","2026-04-15T08:41:46Z","Kirodex_0.8.14_amd64.AppImage",1,84199928
2026-04-29,"v0.8.14","2026-04-15T08:41:46Z","Kirodex_0.8.14_amd64.AppImage.sig",1,420
2026-04-29,"v0.8.14","2026-04-15T08:41:46Z","Kirodex_0.8.14_amd64.AppImage.tar.gz",1,83523439
2026-04-29,"v0.8.14","2026-04-15T08:41:46Z","Kirodex_0.8.14_amd64.AppImage.tar.gz.sig",1,428
2026-04-29,"v0.8.14","2026-04-15T08:41:46Z","Kirodex_0.8.14_amd64.deb",1,4775318
2026-04-29,"v0.8.14","2026-04-15T08:41:46Z","Kirodex_0.8.14_amd64.deb.sig",1,412
2026-04-29,"v0.8.14","2026-04-15T08:41:46Z","Kirodex_0.8.14_x64-setup.exe",1,3452546
2026-04-29,"v0.8.14","2026-04-15T08:41:46Z","Kirodex_0.8.14_x64-setup.exe.sig",1,420
2026-04-29,"v0.8.14","2026-04-15T08:41:46Z","Kirodex_0.8.14_x64-setup.nsis.zip",1,3452700
2026-04-29,"v0.8.14","2026-04-15T08:41:46Z","Kirodex_0.8.14_x64-setup.nsis.zip.sig",1,424
2026-04-29,"v0.8.14","2026-04-15T08:41:46Z","Kirodex_0.8.14_x64_en-US.msi",1,4493312
2026-04-29,"v0.8.14","2026-04-15T08:41:46Z","Kirodex_0.8.14_x64_en-US.msi.sig",1,420
2026-04-29,"v0.8.14","2026-04-15T08:41:46Z","Kirodex_0.8.14_x64_en-US.msi.zip",1,4493466
2026-04-29,"v0.8.14","2026-04-15T08:41:46Z","Kirodex_0.8.14_x64_en-US.msi.zip.sig",1,424
2026-04-29,"v0.8.14","2026-04-15T08:41:46Z","Kirodex_aarch64.app.tar.gz",2,4124744
2026-04-29,"v0.8.14","2026-04-15T08:41:46Z","Kirodex_aarch64.app.tar.gz.sig",1,404
2026-04-29,"v0.8.14","2026-04-15T08:41:46Z","latest.json",2,6714
2026-04-29,"v0.8.13","2026-04-14T20:57:36Z","Kirodex-0.8.13-1.x86_64.rpm",2,4756764
2026-04-29,"v0.8.13","2026-04-14T20:57:36Z","Kirodex-0.8.13-1.x86_64.rpm.sig",2,416
2026-04-29,"v0.8.13","2026-04-14T20:57:36Z","Kirodex_0.8.13_aarch64.dmg",3,3997803
2026-04-29,"v0.8.13","2026-04-14T20:57:36Z","Kirodex_0.8.13_amd64.AppImage",2,84183544
2026-04-29,"v0.8.13","2026-04-14T20:57:36Z","Kirodex_0.8.13_amd64.AppImage.sig",2,420
2026-04-29,"v0.8.13","2026-04-14T20:57:36Z","Kirodex_0.8.13_amd64.AppImage.tar.gz",2,83506266
2026-04-29,"v0.8.13","2026-04-14T20:57:36Z","Kirodex_0.8.13_amd64.AppImage.tar.gz.sig",2,428
2026-04-29,"v0.8.13","2026-04-14T20:57:36Z","Kirodex_0.8.13_amd64.deb",2,4756334
2026-04-29,"v0.8.13","2026-04-14T20:57:36Z","Kirodex_0.8.13_amd64.deb.sig",2,412
2026-04-29,"v0.8.13","2026-04-14T20:57:36Z","Kirodex_0.8.13_x64-setup.exe",2,3432019
2026-04-29,"v0.8.13","2026-04-14T20:57:36Z","Kirodex_0.8.13_x64-setup.exe.sig",2,420
2026-04-29,"v0.8.13","2026-04-14T20:57:36Z","Kirodex_0.8.13_x64-setup.nsis.zip",2,3432173
2026-04-29,"v0.8.13","2026-04-14T20:57:36Z","Kirodex_0.8.13_x64-setup.nsis.zip.sig",2,424
2026-04-29,"v0.8.13","2026-04-14T20:57:36Z","Kirodex_0.8.13_x64_en-US.msi",2,4472832
2026-04-29,"v0.8.13","2026-04-14T20:57:36Z","Kirodex_0.8.13_x64_en-US.msi.sig",2,420
2026-04-29,"v0.8.13","2026-04-14T20:57:36Z","Kirodex_0.8.13_x64_en-US.msi.zip",2,4472986
2026-04-29,"v0.8.13","2026-04-14T20:57:36Z","Kirodex_0.8.13_x64_en-US.msi.zip.sig",2,424
2026-04-29,"v0.8.13","2026-04-14T20:57:36Z","Kirodex_aarch64.app.tar.gz",4,4106689
2026-04-29,"v0.8.13","2026-04-14T20:57:36Z","Kirodex_aarch64.app.tar.gz.sig",2,404
2026-04-29,"v0.8.13","2026-04-14T20:57:36Z","latest.json",70,6346
2026-04-29,"v0.8.12","2026-04-14T14:16:51Z","Kirodex-0.8.12-1.x86_64.rpm",1,4742218
2026-04-29,"v0.8.12","2026-04-14T14:16:51Z","Kirodex-0.8.12-1.x86_64.rpm.sig",1,416
2026-04-29,"v0.8.12","2026-04-14T14:16:51Z","Kirodex_0.8.12_aarch64.dmg",2,3984314
2026-04-29,"v0.8.12","2026-04-14T14:16:51Z","Kirodex_0.8.12_amd64.AppImage",1,84163064
2026-04-29,"v0.8.12","2026-04-14T14:16:51Z","Kirodex_0.8.12_amd64.AppImage.sig",1,420
2026-04-29,"v0.8.12","2026-04-14T14:16:51Z","Kirodex_0.8.12_amd64.AppImage.tar.gz",1,83485697
2026-04-29,"v0.8.12","2026-04-14T14:16:51Z","Kirodex_0.8.12_amd64.AppImage.tar.gz.sig",1,428
2026-04-29,"v0.8.12","2026-04-14T14:16:51Z","Kirodex_0.8.12_amd64.deb",1,4741226
2026-04-29,"v0.8.12","2026-04-14T14:16:51Z","Kirodex_0.8.12_amd64.deb.sig",1,412
2026-04-29,"v0.8.12","2026-04-14T14:16:51Z","Kirodex_0.8.12_x64-setup.exe",1,3424534
2026-04-29,"v0.8.12","2026-04-14T14:16:51Z","Kirodex_0.8.12_x64-setup.exe.sig",1,420
2026-04-29,"v0.8.12","2026-04-14T14:16:51Z","Kirodex_0.8.12_x64-setup.nsis.zip",1,3424688
2026-04-29,"v0.8.12","2026-04-14T14:16:51Z","Kirodex_0.8.12_x64-setup.nsis.zip.sig",1,424
2026-04-29,"v0.8.12","2026-04-14T14:16:51Z","Kirodex_0.8.12_x64_en-US.msi",1,4460544
2026-04-29,"v0.8.12","2026-04-14T14:16:51Z","Kirodex_0.8.12_x64_en-US.msi.sig",1,420
2026-04-29,"v0.8.12","2026-04-14T14:16:51Z","Kirodex_0.8.12_x64_en-US.msi.zip",1,4460698
2026-04-29,"v0.8.12","2026-04-14T14:16:51Z","Kirodex_0.8.12_x64_en-US.msi.zip.sig",1,424
2026-04-29,"v0.8.12","2026-04-14T14:16:51Z","Kirodex_aarch64.app.tar.gz",2,4090999
2026-04-29,"v0.8.12","2026-04-14T14:16:51Z","Kirodex_aarch64.app.tar.gz.sig",1,404
2026-04-29,"v0.8.12","2026-04-14T14:16:51Z","latest.json",20,7296
2026-04-29,"v0.8.11","2026-04-13T22:06:17Z","Kirodex-0.8.11-1.x86_64.rpm",2,4739810
2026-04-29,"v0.8.11","2026-04-13T22:06:17Z","Kirodex-0.8.11-1.x86_64.rpm.sig",2,416
2026-04-29,"v0.8.11","2026-04-13T22:06:17Z","Kirodex_0.8.11_aarch64.dmg",4,3980845
2026-04-29,"v0.8.11","2026-04-13T22:06:17Z","Kirodex_0.8.11_amd64.AppImage",2,84158968
2026-04-29,"v0.8.11","2026-04-13T22:06:17Z","Kirodex_0.8.11_amd64.AppImage.sig",2,420
2026-04-29,"v0.8.11","2026-04-13T22:06:17Z","Kirodex_0.8.11_amd64.AppImage.tar.gz",2,83481287
2026-04-29,"v0.8.11","2026-04-13T22:06:17Z","Kirodex_0.8.11_amd64.AppImage.tar.gz.sig",2,428
2026-04-29,"v0.8.11","2026-04-13T22:06:17Z","Kirodex_0.8.11_amd64.deb",2,4739266
2026-04-29,"v0.8.11","2026-04-13T22:06:17Z","Kirodex_0.8.11_amd64.deb.sig",2,412
2026-04-29,"v0.8.11","2026-04-13T22:06:17Z","Kirodex_0.8.11_x64-setup.exe",2,3420323
2026-04-29,"v0.8.11","2026-04-13T22:06:17Z","Kirodex_0.8.11_x64-setup.exe.sig",2,420
2026-04-29,"v0.8.11","2026-04-13T22:06:17Z","Kirodex_0.8.11_x64-setup.nsis.zip",2,3420477
2026-04-29,"v0.8.11","2026-04-13T22:06:17Z","Kirodex_0.8.11_x64-setup.nsis.zip.sig",2,424
2026-04-29,"v0.8.11","2026-04-13T22:06:17Z","Kirodex_0.8.11_x64_en-US.msi",2,4456448
2026-04-29,"v0.8.11","2026-04-13T22:06:17Z","Kirodex_0.8.11_x64_en-US.msi.sig",2,420
2026-04-29,"v0.8.11","2026-04-13T22:06:17Z","Kirodex_0.8.11_x64_en-US.msi.zip",2,4456602
2026-04-29,"v0.8.11","2026-04-13T22:06:17Z","Kirodex_0.8.11_x64_en-US.msi.zip.sig",2,424
2026-04-29,"v0.8.11","2026-04-13T22:06:17Z","Kirodex_aarch64.app.tar.gz",2,4089410
2026-04-29,"v0.8.11","2026-04-13T22:06:17Z","Kirodex_aarch64.app.tar.gz.sig",2,404
2026-04-29,"v0.8.11","2026-04-13T22:06:17Z","latest.json",22,6125
2026-04-29,"v0.8.10","2026-04-13T06:37:46Z","Kirodex-0.8.10-1.x86_64.rpm",2,4737332
2026-04-29,"v0.8.10","2026-04-13T06:37:46Z","Kirodex-0.8.10-1.x86_64.rpm.sig",2,416
2026-04-29,"v0.8.10","2026-04-13T06:37:46Z","Kirodex_0.8.10_aarch64.dmg",10,3981333
2026-04-29,"v0.8.10","2026-04-13T06:37:46Z","Kirodex_0.8.10_amd64.AppImage",2,84163064
2026-04-29,"v0.8.10","2026-04-13T06:37:46Z","Kirodex_0.8.10_amd64.AppImage.sig",2,420
2026-04-29,"v0.8.10","2026-04-13T06:37:46Z","Kirodex_0.8.10_amd64.AppImage.tar.gz",2,83483144
2026-04-29,"v0.8.10","2026-04-13T06:37:46Z","Kirodex_0.8.10_amd64.AppImage.tar.gz.sig",2,428
2026-04-29,"v0.8.10","2026-04-13T06:37:46Z","Kirodex_0.8.10_amd64.deb",2,4737398
2026-04-29,"v0.8.10","2026-04-13T06:37:46Z","Kirodex_0.8.10_amd64.deb.sig",2,412
2026-04-29,"v0.8.10","2026-04-13T06:37:46Z","Kirodex_0.8.10_x64-setup.exe",2,3418326
2026-04-29,"v0.8.10","2026-04-13T06:37:46Z","Kirodex_0.8.10_x64-setup.exe.sig",1,420
2026-04-29,"v0.8.10","2026-04-13T06:37:46Z","Kirodex_0.8.10_x64-setup.nsis.zip",2,3418480
2026-04-29,"v0.8.10","2026-04-13T06:37:46Z","Kirodex_0.8.10_x64-setup.nsis.zip.sig",2,424
2026-04-29,"v0.8.10","2026-04-13T06:37:46Z","Kirodex_0.8.10_x64_en-US.msi",2,4456448
2026-04-29,"v0.8.10","2026-04-13T06:37:46Z","Kirodex_0.8.10_x64_en-US.msi.sig",2,420
2026-04-29,"v0.8.10","2026-04-13T06:37:46Z","Kirodex_0.8.10_x64_en-US.msi.zip",1,4456602
2026-04-29,"v0.8.10","2026-04-13T06:37:46Z","Kirodex_0.8.10_x64_en-US.msi.zip.sig",2,424
2026-04-29,"v0.8.10","2026-04-13T06:37:46Z","Kirodex_aarch64.app.tar.gz",2,4088030
2026-04-29,"v0.8.10","2026-04-13T06:37:46Z","Kirodex_aarch64.app.tar.gz.sig",1,404
2026-04-29,"v0.8.10","2026-04-13T06:37:46Z","latest.json",23,5680
2026-04-29,"v0.8.9","2026-04-12T19:52:44Z","Kirodex-0.8.9-1.x86_64.rpm",1,4680140
2026-04-29,"v0.8.9","2026-04-12T19:52:44Z","Kirodex-0.8.9-1.x86_64.rpm.sig",1,416
2026-04-29,"v0.8.9","2026-04-12T19:52:44Z","Kirodex_0.8.9_aarch64.dmg",6,3924533
2026-04-29,"v0.8.9","2026-04-12T19:52:44Z","Kirodex_0.8.9_amd64.AppImage",1,84109816
2026-04-29,"v0.8.9","2026-04-12T19:52:44Z","Kirodex_0.8.9_amd64.AppImage.sig",1,420
2026-04-29,"v0.8.9","2026-04-12T19:52:44Z","Kirodex_0.8.9_amd64.AppImage.tar.gz",1,83431547
2026-04-29,"v0.8.9","2026-04-12T19:52:44Z","Kirodex_0.8.9_amd64.AppImage.tar.gz.sig",1,428
2026-04-29,"v0.8.9","2026-04-12T19:52:44Z","Kirodex_0.8.9_amd64.deb",1,4679342
2026-04-29,"v0.8.9","2026-04-12T19:52:44Z","Kirodex_0.8.9_amd64.deb.sig",1,412
2026-04-29,"v0.8.9","2026-04-12T19:52:44Z","Kirodex_0.8.9_x64-setup.exe",1,3362953
2026-04-29,"v0.8.9","2026-04-12T19:52:44Z","Kirodex_0.8.9_x64-setup.exe.sig",1,416
2026-04-29,"v0.8.9","2026-04-12T19:52:44Z","Kirodex_0.8.9_x64-setup.nsis.zip",1,3363105
2026-04-29,"v0.8.9","2026-04-12T19:52:44Z","Kirodex_0.8.9_x64-setup.nsis.zip.sig",1,424
2026-04-29,"v0.8.9","2026-04-12T19:52:44Z","Kirodex_0.8.9_x64_en-US.msi",1,4399104
2026-04-29,"v0.8.9","2026-04-12T19:52:44Z","Kirodex_0.8.9_x64_en-US.msi.sig",1,416
2026-04-29,"v0.8.9","2026-04-12T19:52:44Z","Kirodex_0.8.9_x64_en-US.msi.zip",1,4399256
2026-04-29,"v0.8.9","2026-04-12T19:52:44Z","Kirodex_0.8.9_x64_en-US.msi.zip.sig",1,424
2026-04-29,"v0.8.9","2026-04-12T19:52:44Z","Kirodex_aarch64.app.tar.gz",1,4030381
2026-04-29,"v0.8.9","2026-04-12T19:52:44Z","Kirodex_aarch64.app.tar.gz.sig",1,404
2026-04-29,"v0.8.9","2026-04-12T19:52:44Z","latest.json",15,5655
2026-04-29,"v0.8.8","2026-04-11T20:48:00Z","Kirodex-0.8.8-1.x86_64.rpm",2,4669520
2026-04-29,"v0.8.8","2026-04-11T20:48:00Z","Kirodex-0.8.8-1.x86_64.rpm.sig",2,416
2026-04-29,"v0.8.8","2026-04-11T20:48:00Z","Kirodex_0.8.8_aarch64.dmg",3,3915544
2026-04-29,"v0.8.8","2026-04-11T20:48:00Z","Kirodex_0.8.8_amd64.AppImage",2,84105720
2026-04-29,"v0.8.8","2026-04-11T20:48:00Z","Kirodex_0.8.8_amd64.AppImage.sig",2,420
2026-04-29,"v0.8.8","2026-04-11T20:48:00Z","Kirodex_0.8.8_amd64.deb",2,4668926
2026-04-29,"v0.8.8","2026-04-11T20:48:00Z","Kirodex_0.8.8_amd64.deb.sig",2,412
2026-04-29,"v0.8.8","2026-04-11T20:48:00Z","Kirodex_0.8.8_x64-setup.exe",3,3354045
2026-04-29,"v0.8.8","2026-04-11T20:48:00Z","Kirodex_0.8.8_x64-setup.exe.sig",2,416
2026-04-29,"v0.8.8","2026-04-11T20:48:00Z","Kirodex_0.8.8_x64_en-US.msi",2,4386816
2026-04-29,"v0.8.8","2026-04-11T20:48:00Z","Kirodex_0.8.8_x64_en-US.msi.sig",2,416
2026-04-29,"v0.8.8","2026-04-11T20:48:00Z","Kirodex_aarch64.app.tar.gz",3,4019610
2026-04-29,"v0.8.8","2026-04-11T20:48:00Z","Kirodex_aarch64.app.tar.gz.sig",2,404
2026-04-29,"v0.8.8","2026-04-11T20:48:00Z","latest.json",37,5544
2026-04-29,"v0.8.7","2026-04-11T20:24:05Z","Kirodex-0.8.7-1.x86_64.rpm",1,4669519
2026-04-29,"v0.8.7","2026-04-11T20:24:05Z","Kirodex-0.8.7-1.x86_64.rpm.sig",1,416
2026-04-29,"v0.8.7","2026-04-11T20:24:05Z","Kirodex_0.8.7_aarch64.dmg",4,3915536
2026-04-29,"v0.8.7","2026-04-11T20:24:05Z","Kirodex_0.8.7_amd64.AppImage",1,84105720
2026-04-29,"v0.8.7","2026-04-11T20:24:05Z","Kirodex_0.8.7_amd64.AppImage.sig",1,420
2026-04-29,"v0.8.7","2026-04-11T20:24:05Z","Kirodex_0.8.7_amd64.deb",1,4668922
2026-04-29,"v0.8.7","2026-04-11T20:24:05Z","Kirodex_0.8.7_amd64.deb.sig",1,412
2026-04-29,"v0.8.7","2026-04-11T20:24:05Z","Kirodex_0.8.7_x64-setup.exe",1,3353530
2026-04-29,"v0.8.7","2026-04-11T20:24:05Z","Kirodex_0.8.7_x64-setup.exe.sig",1,416
2026-04-29,"v0.8.7","2026-04-11T20:24:05Z","Kirodex_0.8.7_x64_en-US.msi",1,4386816
2026-04-29,"v0.8.7","2026-04-11T20:24:05Z","Kirodex_0.8.7_x64_en-US.msi.sig",1,416
2026-04-29,"v0.8.7","2026-04-11T20:24:05Z","Kirodex_aarch64.app.tar.gz",1,4019618
2026-04-29,"v0.8.7","2026-04-11T20:24:05Z","Kirodex_aarch64.app.tar.gz.sig",1,404
2026-04-29,"v0.8.7","2026-04-11T20:24:05Z","latest.json",3,5544
2026-04-29,"v0.8.6","2026-04-11T20:01:24Z","Kirodex-0.8.6-1.x86_64.rpm",1,4669520
2026-04-29,"v0.8.6","2026-04-11T20:01:24Z","Kirodex-0.8.6-1.x86_64.rpm.sig",1,416
2026-04-29,"v0.8.6","2026-04-11T20:01:24Z","Kirodex_0.8.6_aarch64.dmg",2,3915541
2026-04-29,"v0.8.6","2026-04-11T20:01:24Z","Kirodex_0.8.6_amd64.AppImage",1,84105720
2026-04-29,"v0.8.6","2026-04-11T20:01:24Z","Kirodex_0.8.6_amd64.AppImage.sig",1,420
2026-04-29,"v0.8.6","2026-04-11T20:01:24Z","Kirodex_0.8.6_amd64.deb",1,4668920
2026-04-29,"v0.8.6","2026-04-11T20:01:24Z","Kirodex_0.8.6_amd64.deb.sig",1,412
2026-04-29,"v0.8.6","2026-04-11T20:01:24Z","Kirodex_0.8.6_x64-setup.exe",1,3353597
2026-04-29,"v0.8.6","2026-04-11T20:01:24Z","Kirodex_0.8.6_x64-setup.exe.sig",1,416
2026-04-29,"v0.8.6","2026-04-11T20:01:24Z","Kirodex_0.8.6_x64_en-US.msi",1,4386816
2026-04-29,"v0.8.6","2026-04-11T20:01:24Z","Kirodex_0.8.6_x64_en-US.msi.sig",1,416
2026-04-29,"v0.8.6","2026-04-11T20:01:24Z","Kirodex_aarch64.app.tar.gz",1,4019605
2026-04-29,"v0.8.6","2026-04-11T20:01:24Z","Kirodex_aarch64.app.tar.gz.sig",1,404
2026-04-29,"v0.8.6","2026-04-11T20:01:24Z","latest.json",1,5544
2026-04-29,"v0.8.4","2026-04-11T16:47:16Z","Kirodex-0.8.4-1.x86_64.rpm",2,3789595
2026-04-29,"v0.8.4","2026-04-11T16:47:16Z","Kirodex_0.8.4_aarch64.dmg",3,3148353
2026-04-29,"v0.8.4","2026-04-11T16:47:16Z","Kirodex_0.8.4_amd64.AppImage",2,83282424
2026-04-29,"v0.8.4","2026-04-11T16:47:16Z","Kirodex_0.8.4_amd64.deb",2,3789108
2026-04-29,"v0.8.4","2026-04-11T16:47:16Z","Kirodex_0.8.4_x64-setup.exe",2,2681424
2026-04-29,"v0.8.4","2026-04-11T16:47:16Z","Kirodex_0.8.4_x64_en-US.msi",2,3555328
2026-04-29,"v0.8.4","2026-04-11T16:47:16Z","Kirodex_aarch64.app.tar.gz",2,3127552
2026-04-29,"v0.8.3","2026-04-11T15:03:42Z","Kirodex-0.8.3-1.x86_64.rpm",1,3786686
2026-04-29,"v0.8.3","2026-04-11T15:03:42Z","Kirodex_0.8.3_aarch64.dmg",4,3148740
2026-04-29,"v0.8.3","2026-04-11T15:03:42Z","Kirodex_0.8.3_amd64.AppImage",1,83282424
2026-04-29,"v0.8.3","2026-04-11T15:03:42Z","Kirodex_0.8.3_amd64.deb",1,3786402
2026-04-29,"v0.8.3","2026-04-11T15:03:42Z","Kirodex_0.8.3_x64-setup.exe",1,2678556
2026-04-29,"v0.8.3","2026-04-11T15:03:42Z","Kirodex_0.8.3_x64_en-US.msi",1,3551232
2026-04-29,"v0.8.3","2026-04-11T15:03:42Z","Kirodex_aarch64.app.tar.gz",1,3124217
2026-04-29,"v0.8.1","2026-04-11T14:48:23Z","Kirodex-0.8.1-1.x86_64.rpm",1,3800429
2026-04-29,"v0.8.1","2026-04-11T14:48:23Z","Kirodex_0.8.1_aarch64.dmg",5,3215580
2026-04-29,"v0.8.1","2026-04-11T14:48:23Z","Kirodex_0.8.1_amd64.AppImage",1,83302904
2026-04-29,"v0.8.1","2026-04-11T14:48:23Z","Kirodex_0.8.1_amd64.deb",1,3799684
2026-04-29,"v0.8.1","2026-04-11T14:48:23Z","Kirodex_0.8.1_x64-setup.exe",1,2681825
2026-04-29,"v0.8.1","2026-04-11T14:48:23Z","Kirodex_0.8.1_x64_en-US.msi",1,3657728
